,us_inflation,ea_inflation,us_growth,ea_growth
1997-01-01,3.0381383322559907,2.1,6.946049233947327,0.6418485237484006
1997-02-01,3.0322580645161246,1.8,6.661807501031536,1.413881748071999
1997-03-01,2.7652733118971096,1.5,7.470272474009643,2.9601029601029616
1997-04-01,2.434336963484962,1.3,6.536171976339267,4.935064935064926
1997-05-01,2.237851662404089,1.4,6.331688761977006,2.6992287917738
1997-06-01,2.233567326100827,1.4,6.012329789391524,4.358974358974366
1997-07-01,2.165605095541401,1.5,6.901473595485519,6.347150259067336
1997-08-01,2.2900763358778775,1.7,7.421174007233544,4.859335038363177
1997-09-01,2.21940393151554,1.6,7.7307713474798145,4.731457800511518
1997-10-01,2.0859671302149163,1.5,8.653836077256006,6.803594351732989
1997-11-01,1.8903591682419618,1.6,8.512624010737335,5.867346938775508
1997-12-01,1.6970458830924073,1.5,8.280957988374027,6.632653061224469
1998-01-01,1.6311166875784044,1.1,8.58347433946034,6.8877551020408045
1998-02-01,1.440200375704448,1.1,7.476143150007708,6.844106463878319
1998-03-01,1.3767209011263937,1.1,6.835942439493192,5.3749999999999964
1998-04-01,1.4383989993745905,1.4,7.077008185695677,4.579207920792072
1998-05-01,1.6885553470919357,1.3,7.188999827918208,6.2578222778473025
1998-06-01,1.6229712858926382,1.3,6.058575229559682,3.6855036855036882
1998-07-01,1.74563591022443,1.3,4.755871384932742,4.0194884287454435
1998-08-01,1.6169154228855787,1.1,5.865515150473688,2.8048780487804903
1998-09-01,1.4267990074441794,1.0,4.848836473856544,3.0525030525030417
1998-10-01,1.4860681114551078,0.9,4.637794383238925,1.6826923076922906
1998-11-01,1.4842300556586308,0.8,3.741486019967022,1.4457831325301207
1998-12-01,1.606922126081578,0.8,3.7695732652959,0.0
1999-01-01,1.6666666666666607,0.8,3.763083805136991,1.4319809069212486
1999-02-01,1.6666666666666607,0.7,4.225398806274816,-0.47449584816131596
1999-03-01,1.7283950617283939,0.9,4.425125461604007,-0.11862396204032066
1999-04-01,2.281134401972884,1.1,4.307254602909483,0.0
1999-05-01,2.091020910209096,0.9,4.27940147673862,0.0
1999-06-01,1.9656019656019597,0.9,4.826418688874012,1.0663507109004655
1999-07-01,2.1446078431372584,1.0,5.839978413843561,0.8196721311475308
1999-08-01,2.2643818849449104,1.1,4.109544569149426,2.1352313167259718
1999-09-01,2.629969418960254,1.2,3.7444563415508503,2.7251184834123254
1999-10-01,2.56253813300793,1.3,4.29950432876991,3.546099290780136
1999-11-01,2.6203534430225606,1.4,4.884601547870515,4.275534441805218
1999-12-01,2.676399026763998,1.7,5.216917187508963,5.023923444976086
2000-01-01,2.792956891317555,1.9,4.620955049951481,3.0588235294117583
2000-02-01,3.2179720704310855,1.9,4.313335681097841,5.721096543504167
2000-03-01,3.762135922330101,2.0,4.447293166354416,5.581947743467941
2000-04-01,3.013863773357439,1.7,4.828026846244748,6.390532544378713
2000-05-01,3.1325301204819134,1.7,4.451469064576807,7.302709069493507
2000-06-01,3.7349397590361377,2.1,4.574285752844154,5.392731535756168
2000-07-01,3.5992801439711952,2.1,3.7698485910728996,5.5749128919860835
2000-08-01,3.3512866546977715,2.1,3.0734226950164922,5.691056910569103
2000-09-01,3.45649582836709,2.4,3.968806853188922,5.074971164936559
2000-10-01,3.4503271861986873,2.4,2.3142184859096693,4.109589041095907
2000-11-01,3.444180522565321,2.4,1.8491278756576968,4.897494305239181
2000-12-01,3.4360189573459543,2.5,0.7397718173229428,5.580865603644658
2001-01-01,3.7212049616065945,2.0,0.3976490637767949,5.022831050228316
2001-02-01,3.529411764705892,2.0,-0.5668458865284554,4.0586245772266105
2001-03-01,2.9824561403508643,2.2,-1.122295725249156,3.374578177727794
2001-04-01,3.2182562902282053,2.7,-2.0602186217959284,1.2235817575083408
2001-05-01,3.5630841121495394,3.1,-2.791181055600911,0.3293084522502765
2001-06-01,3.193960511033689,2.9,-3.3422163718917375,1.6685205784204626
2001-07-01,2.7214823393167498,2.5,-3.773511714911293,-1.4301430143014437
2001-08-01,2.7214823393167498,2.3,-3.6215277665228585,0.879120879120876
2001-09-01,2.5921658986175045,2.2,-4.55015745457048,-0.5488474204171201
2001-10-01,2.127659574468077,2.2,-4.440502321905382,-2.1929824561403466
2001-11-01,1.894374282433997,2.0,-5.044913960783126,-3.6916395222584053
2001-12-01,1.603665521191311,2.0,-4.774776238202749,-3.4519956850053934
2002-01-01,1.1958997722095743,2.6,-3.682618441383212,-2.717391304347827
2002-02-01,1.1363636363636465,2.5,-3.0399744149724905,-2.925243770314201
2002-03-01,1.3628620102214661,2.5,-2.1374903694403535,-1.6322089227421066
2002-04-01,1.643990929705219,2.4,-1.3053329089064758,-0.879120879120876
2002-05-01,1.2408347433727984,2.1,-0.43328851038398897,-0.875273522975939
2002-06-01,1.0692177827799743,1.9,0.920910919642548,-0.328227571115991
2002-07-01,1.465614430665152,2.0,1.5386975548359105,0.78125
2002-08-01,1.747463359639223,2.1,1.5424836015125454,-1.1982570806100101
2002-09-01,1.516002245929271,2.1,2.146064440525741,0.5518763796909409
2002-10-01,2.0270270270270174,2.3,2.2135422551443185,1.681614349775784
2002-11-01,2.2535211267605604,2.3,3.4115039217915255,2.5930101465614364
2002-12-01,2.4802705749718212,2.3,2.880394484854265,0.22346368715084886
2003-01-01,2.757456387169399,2.1,3.071140654513904,1.6759776536312776
2003-02-01,3.146067415730336,2.4,3.1817124112425654,1.8973214285714413
2003-03-01,3.025210084033625,2.4,2.1709435832793167,0.22123893805308104
2003-04-01,2.175125488008911,2.1,1.0688138922369639,0.8869179600886845
2003-05-01,1.8941504178273005,1.8,0.636921435240767,-1.3245033112582627
2003-06-01,1.948775055679297,2.0,-0.05887145406980876,-1.7563117453347932
2003-07-01,2.055555555555544,1.9,0.48700385655000566,0.7751937984496138
2003-08-01,2.216066481994461,2.0,0.37923869625795525,-0.8820286659316445
2003-09-01,2.378318584070782,2.1,0.9407289987876988,-1.6465422612513714
2003-10-01,2.041942604856528,2.0,1.2759729528664998,1.6538037486218293
2003-11-01,1.9283746556473913,2.2,1.387033904173962,1.098901098901095
2003-12-01,2.0352035203520247,2.0,1.9841883950955763,2.4526198439241975
2004-01-01,2.026286966046009,1.8,1.2763588097255418,0.7692307692307665
2004-02-01,1.688453159041381,1.6,1.7663898756903773,1.3143483023001057
2004-03-01,1.7400761283306032,1.7,1.626375894029275,1.5452538631346657
2004-04-01,2.2925764192139875,2.1,2.615123170170186,2.19780219780219
2004-05-01,2.8977583378895444,2.4,3.38458309862264,4.138702460850108
2004-06-01,3.1676679410158393,2.4,2.447031362551799,3.910614525139655
2004-07-01,2.939575394665228,2.3,2.6848554355043186,3.076923076923066
2004-08-01,2.5474254742547275,2.4,2.9784524146032165,2.3359288097886566
2004-09-01,2.5391680172879516,2.1,2.448803847620762,4.017857142857162
2004-10-01,3.1909140075716547,2.4,3.1957484615569243,1.626898047722336
2004-11-01,3.621621621621607,2.3,2.763005391785356,0.6521739130434634
2004-12-01,3.3423180592991875,2.3,3.551152067738861,0.8705114254624613
2005-01-01,2.8448738593666034,1.9,3.7656681883018184,2.071973827699014
2005-02-01,3.0530262453133394,2.1,3.8921878697906642,0.864864864864856
2005-03-01,3.2068412613575736,2.2,4.168552298887196,1.4130434782608559
2005-04-01,3.3617929562433257,2.1,4.006456472613795,1.8279569892473146
2005-05-01,2.869287991498415,2.0,3.3534790649275337,0.3222341568206444
2005-06-01,2.541026998411855,2.0,4.6347083589064475,1.3978494623655857
2005-07-01,3.067160232681121,2.1,3.5298493345260917,1.0660980810234477
2005-08-01,3.6469344608879517,2.2,3.797594088074363,1.7391304347825987
2005-09-01,4.741833508956805,2.6,1.6574450087309733,1.93133047210301
2005-10-01,4.350104821802936,2.4,2.0209103457029087,1.6008537886873064
2005-11-01,3.3385498174230532,2.3,2.9120723180627417,4.4276457883369424
2005-12-01,3.3385498174230532,2.2,2.6259073757150198,3.3441208198489614
2006-01-01,4.018789144050117,2.4,2.4194801632455576,3.0982905982906095
2006-02-01,3.63825363825363,2.4,1.7242361205308532,3.3226152197213477
2006-03-01,3.4179181771103018,2.2,2.091541760329152,4.0728831725616255
2006-04-01,3.613835828600931,2.4,2.1816142662632876,2.8511087645195277
2006-05-01,3.9772727272727293,2.5,2.1156664964513183,5.674518201284795
2006-06-01,4.1817243159525175,2.5,1.9803386251444621,4.772004241781547
2006-07-01,4.104669061056954,2.4,2.251836527383766,4.008438818565407
2006-08-01,3.926568077511483,2.3,2.3669704568583194,5.555555555555558
2006-09-01,2.012072434607637,1.8,4.2159275134967755,4.210526315789465
2006-10-01,1.4063284781516971,1.6,2.8481025781383007,3.6764705882353033
2006-11-01,1.9687026754164672,1.9,1.6621660136106442,2.99896587383659
2006-12-01,2.5239777889954462,1.9,2.1707334984272686,5.532359081419624
2007-01-01,2.075765178123423,1.8,1.6646656462990128,4.352331606217619
2007-02-01,2.420260782347028,1.9,2.5793632616832207,4.9792531120331995
2007-03-01,2.798197295943927,1.9,2.5308035115800154,4.943357363542744
2007-04-01,2.5929247633283525,1.9,2.9076019270608766,3.182751540041062
2007-05-01,2.709885742672613,1.9,2.9798485426711263,3.546099290780136
2007-06-01,2.692765113974227,1.9,2.7140344521729087,3.7449392712550544
2007-07-01,2.3178905864958077,1.8,2.6434417747193573,4.056795131845847
2007-08-01,1.897448478900876,1.7,2.3917510021752353,4.352226720647767
2007-09-01,2.8338264299802685,2.1,2.7901202497425004,3.9393939393939537
2007-10-01,3.610698365527476,2.5,2.6179282370540014,4.964539007092195
2007-11-01,4.373267326732666,3.0,3.2087670061424323,3.4136546184738936
2007-12-01,4.108813392417532,3.1,2.2029778334589523,2.3738872403560984
2008-01-01,4.294695655165981,3.2,2.4141930753466267,3.8728897715988087
2008-02-01,4.142959270611968,3.3,1.0602796518591306,3.3596837944663838
2008-03-01,3.9749035501344343,3.6,0.5734255066876637,1.8645731108930308
2008-04-01,3.9037609759888126,3.3,-0.7427676334748168,4.7761194029850795
2008-05-01,4.088413823123993,3.7,-1.4383086308347726,-0.195694716242667
2008-06-01,4.935966105947864,4.0,-1.724935725071297,-0.29268292682926855
2008-07-01,5.497512078341837,4.1,-1.9585471027037116,-1.2670565302144277
2008-08-01,5.308017162091239,3.8,-3.6832804845724265,-2.2308438409311293
2008-09-01,4.953319875136075,3.7,-8.130031129578574,-2.721088435374164
2008-10-01,3.7310578899565128,3.2,-6.954317961916079,-5.501930501930497
2008-11-01,1.0999174706166848,2.1,-8.669827230747885,-8.446601941747577
2008-12-01,-0.02222800255385904,1.6,-11.276192783181926,-12.560386473429952
2009-01-01,-0.11358601902212717,1.1,-13.374567704176643,-17.20841300191205
2009-02-01,0.008463140671510772,1.2,-13.562730377303279,-19.024856596558315
2009-03-01,-0.4464787676623838,0.6,-14.656035046526473,-19.460500963391137
2009-04-01,-0.5763244243767063,0.6,-14.81395936696125,-21.65242165242165
2009-05-01,-1.015761495855172,0.0,-15.160361194166793,-17.25490196078431
2009-06-01,-1.2291746182109153,-0.1,-15.282480369076357,-16.829745596868882
2009-07-01,-1.9587610037622771,-0.7,-14.018720654921957,-15.794669299111552
2009-08-01,-1.4838355663267633,-0.2,-11.689299172061052,-15.277777777777768
2009-09-01,-1.377942862886472,-0.3,-6.805879122929537,-12.68731268731268
2009-10-01,-0.22396829420033848,-0.1,-7.474512230012276,-11.031664964249243
2009-11-01,1.9145871744709275,0.5,-5.83001235670767,-7.317073170731703
2009-12-01,2.8141231232083674,0.9,-2.704223119324234,-3.5359116022099513
2010-01-01,2.6211113889767157,1.0,0.87230439200634,2.4249422632794504
2010-02-01,2.151336357866529,0.8,1.8708182344855606,4.132231404958686
2010-03-01,2.2861714393279886,1.6,4.200672107537207,7.775119617224879
2010-04-01,2.2067707525304403,1.6,5.4282103558062955,9.45454545454545
2010-05-01,2.003548929218568,1.7,7.942609605426321,9.241706161137442
2010-06-01,1.1215605940686268,1.5,8.551328146848402,8.47058823529412
2010-07-01,1.3407784804821077,1.7,7.747013804699288,7.62016412661195
2010-08-01,1.1501775395112546,1.6,6.968742858593813,8.66510538641685
2010-09-01,1.1183122472331775,1.9,6.346682104150392,6.178489702517154
2010-10-01,1.1666951489314625,1.9,5.760258506490601,7.462686567164178
2010-11-01,1.084544776600338,1.9,5.39500875348351,8.00915331807781
2010-12-01,1.437793022217937,2.2,5.996200467756596,9.04925544100803
2011-01-01,1.7007834915029774,2.3,4.632504538708293,6.651634723788047
2011-02-01,2.124898173333145,2.4,3.827364378514675,8.39002267573694
2011-03-01,2.619241510354109,2.7,4.193025357503588,6.104328523862379
2011-04-01,3.0772344447868694,2.8,3.505332834432129,5.537098560354381
2011-05-01,3.4589718808964998,2.7,2.248891889831528,4.013015184381774
2011-06-01,3.5023181506360412,2.7,2.3688810428642126,2.386117136659438
2011-07-01,3.5798809769996165,2.5,2.484132372991299,4.139433551198257
2011-08-01,3.75499603070808,2.5,2.7992943499441703,3.0172413793103425
2011-09-01,3.812621692818685,3.0,2.4123837996766095,2.0474137931034475
2011-10-01,3.5222681306640524,3.0,3.4162150732061747,0.8547008547008739
2011-11-01,3.451432214581729,3.0,3.3174195787687877,0.21186440677964935
2011-12-01,3.062066838419386,2.8,2.859134467066693,-1.260504201680679
2012-01-01,3.0087663379855023,2.7,3.6910016324102957,-1.2684989429175397
2012-02-01,2.8981784423473878,2.7,4.439148449901298,-1.5690376569037712
2012-03-01,2.5828752813320977,2.7,2.8286925428470555,-1.77824267782426
2012-04-01,2.2731633741348567,2.6,3.9040297563633697,-2.2035676810073346
2012-05-01,1.7379429374660749,2.4,4.0185114178595605,-1.9812304483837417
2012-06-01,1.653870448297634,2.4,3.7105509068513065,-1.1652542372881491
2012-07-01,1.4175114798464783,2.4,3.418677881567289,-2.1966527196652708
2012-08-01,1.6859349154821235,2.6,2.285596731143258,-1.4644351464435101
2012-09-01,1.9497168982819613,2.6,2.2951570495009843,-2.428722280887008
2012-10-01,2.1556780595369363,2.5,1.9430024786973865,-2.9661016949152685
2012-11-01,1.7960197033926262,2.2,2.3257536633332743,-3.9112050739957605
2012-12-01,1.7595049796895523,2.2,2.0268355938483085,-2.659574468085102
2013-01-01,1.684061762098299,2.0,1.4467904237824847,-2.4625267665952966
2013-02-01,2.0181404902574807,1.9,1.5945538776370727,-2.9755579171094504
2013-03-01,1.5187472411246183,1.7,2.534732272069462,-1.7039403620873306
2013-04-01,1.138808047576867,1.2,1.7145631127746475,-0.8583690987124415
2013-05-01,1.3903888279197085,1.4,1.5594777439077445,-1.5957446808510634
2013-06-01,1.7157935271568725,1.6,1.7645800035426706,-0.6430868167202508
2013-07-01,1.885471805415806,1.6,1.2364196654177428,-1.8181818181818188
2013-08-01,1.538809488600279,1.3,2.2593571227008002,-2.016985138004257
2013-09-01,1.0947341081747997,1.1,2.854766330187619,0.21645021645020357
2013-10-01,0.8767991434911471,0.7,2.4178437626957816,0.5458515283842891
2013-11-01,1.2328701961954458,0.9,2.281966236973343,2.53025302530252
2013-12-01,1.5128383667573297,0.8,2.245344069429267,1.7486338797814138
2014-01-01,1.557758795574915,0.8,1.8566277042981971,1.7563117453348154
2014-02-01,1.1204746347724948,0.7,2.148610089064018,2.300109529025196
2014-03-01,1.6126949139408042,0.5,2.724108069090181,0.5417118093174356
2014-04-01,2.015125303606169,0.7,2.9123215934373725,2.056277056277045
2014-05-01,2.166947687079812,0.5,3.226027611336124,1.189189189189177
2014-06-01,2.0589816945944195,0.5,3.365841732090935,0.3236245954692629
2014-07-01,1.9742378703305974,0.4,3.9177888079901857,2.2875816993464193
2014-08-01,1.7150983482969062,0.4,3.1253041765382905,-0.21668472372697867
2014-09-01,1.6840509711232077,0.3,2.89843352202952,0.6479481641468832
2014-10-01,1.6095417021513292,0.4,2.9919466037849007,0.9771986970684043
2014-11-01,1.231524989320798,0.3,3.3861066751199598,-0.42918454935623185
2014-12-01,0.6531213919623191,-0.2,3.170492700276073,0.9667024704618665
2015-01-01,-0.22993097820542818,-0.6,2.7262407410550527,0.7551240560949246
2015-02-01,-0.08703146293520536,-0.3,1.30473816054415,2.4625267665952855
2015-03-01,-0.022031284423873476,-0.1,-0.0027479483621140055,3.340517241379315
2015-04-01,-0.10403098939391064,0.2,-0.6444572558062966,0.9544008483563182
2015-05-01,0.03503321824429584,0.6,-1.460487812501221,2.4572649572649707
2015-06-01,0.1795718097550525,0.5,-2.106390227283794,3.3333333333333215
2015-07-01,0.22568611104094582,0.6,-1.6903126553953207,2.981895633652809
2015-08-01,0.2413037985344868,0.4,-1.6854337113987983,3.583061889250816
2015-09-01,0.008842961634170088,0.2,-2.2407414414912674,2.7896995708154515
2015-10-01,0.12761656067050708,0.4,-2.72506606749946,3.3333333333333215
2015-11-01,0.4363182169185187,0.1,-4.033068306068888,3.0172413793103425
2015-12-01,0.6387247515364791,0.2,-4.496144811599123,1.5957446808510634
2016-01-01,1.2375025026943876,0.3,-3.236256019749162,4.282655246252687
2016-02-01,0.8472775790126619,-0.1,-3.1193297695960798,0.31347962382444194
2016-03-01,0.8916160965521946,0.0,-3.515311400177057,-0.4171011470281649
2016-04-01,1.1726257503534843,-0.3,-2.6579036961380753,1.7857142857142794
2016-05-01,1.0784764621246223,-0.1,-2.448153056399993,-0.5213764337851923
2016-06-01,1.0792865347959424,0.1,-1.678117946525337,0.20811654526535772
2016-07-01,0.8683633430518256,0.2,-2.196738284260069,-0.6204756980351722
2016-08-01,1.0553158595656864,0.2,-2.164263084601936,0.8385744234800763
2016-09-01,1.5486446201652182,0.4,-1.9939516469206886,0.7306889352818313
2016-10-01,1.685924966243646,0.5,-1.5023811304759715,1.1446409989594342
2016-11-01,1.6843334719788938,0.6,-1.1862778785850958,2.092050209205021
2016-12-01,2.0507989115119862,1.1,-0.02049641716570516,1.675392670157061
2017-01-01,2.5103933482571117,1.7,-0.8031281419274894,-0.30800821355236874
2017-02-01,2.8103616813294208,2.0,-0.6864591168616152,1.8750000000000044
2017-03-01,2.44119623655914,1.5,0.7162067590550603,2.1989528795811397
2017-04-01,2.176223471915395,1.9,1.3993011097695573,1.5479876160990669
2017-05-01,1.8563431667619756,1.4,1.7500792534729248,3.6687631027253698
2017-06-01,1.640565809959127,1.3,1.4803308546539107,2.5960539979231534
2017-07-01,1.7251073506566073,1.3,1.1187969195710634,3.8501560874089513
2017-08-01,1.92812155729698,1.5,0.8523014668689877,4.677754677754686
2017-09-01,2.1805652303711787,1.6,1.0630336308315114,3.9378238341968963
2017-10-01,2.020757753132485,1.4,2.2919955326540453,3.189300411522633
2017-11-01,2.172493864295566,1.5,2.9662701539719283,5.5327868852458995
2017-12-01,2.129930719552253,1.3,2.467143465957866,5.973223480947487
2018-01-01,2.151318868063945,1.3,2.7352874765469437,3.9134912461380233
2018-02-01,2.263468931091861,1.1,3.3994953469032696,2.249488752556239
2018-03-01,2.3309497646499366,1.4,3.224806264183644,2.9713114754098324
2018-04-01,2.4709963021052994,1.2,3.309758614070435,1.7276422764227473
2018-05-01,2.781921607842497,2.0,2.2584201444366236,2.5278058645096024
2018-06-01,2.8075506935940187,2.0,2.8410387544831828,2.530364372469629
2018-07-01,2.854124785561929,2.2,3.2543243815604805,0.10020040080160886
2018-08-01,2.6429238568742575,2.1,4.353587280888749,0.49652432969216065
2018-09-01,2.332055105808828,2.1,4.313826088176409,0.09970089730808596
2018-10-01,2.492032470218053,2.3,2.930867401734427,0.3988035892322994
2018-11-01,2.147328577667773,1.9,2.7666629800210174,-3.592233009708745
2018-12-01,2.0023809043401064,1.5,2.5912536810940523,-3.3041788143828965
2019-01-01,1.4875893578291333,1.4,1.9116422323518512,-0.3964321110009994
2019-02-01,1.5188615351321877,1.5,1.1096417703535089,-0.09999999999998899
2019-03-01,1.8831863513063984,1.4,0.6545559146318158,-0.497512437810943
2019-04-01,2.000583470209061,1.7,-1.0247462328067725,-0.19980019980019303
2019-05-01,1.7959105553606136,1.2,-0.010156011968476264,-0.9861932938856066
2019-06-01,1.671194894390049,1.3,-0.7369328862962377,-2.073050345508387
2019-07-01,1.826331335037068,1.0,-1.3774541767684445,-0.9009009009009028
2019-08-01,1.7376412106666406,1.0,-1.3396749291328724,-1.679841897233203
2019-09-01,1.6844977040391562,0.8,-1.7374573008364869,-1.0956175298804882
2019-10-01,1.7339736996186295,0.7,-2.4594751580988228,-0.6951340615690249
2019-11-01,2.092290394862917,1.0,-2.047601522464615,-0.7049345417925457
2019-12-01,2.3195274699624457,1.3,-2.2991807373363926,-2.713567839195985
2020-01-01,2.599767976845202,1.4,-2.290379015513233,-1.0945273631840724
2020-02-01,2.3413166797595197,1.2,-1.4232217750208775,-1.2012012012012074
2020-03-01,1.4940399642909163,0.7,-5.315054964389065,-12.599999999999989
2020-04-01,0.3130472940411133,0.3,-17.318282261376304,-28.728728728728726
2020-05-01,0.1982013035848551,0.1,-16.047738104539413,-19.123505976095622
2020-06-01,0.7166562831830481,0.3,-10.586064673581452,-10.483870967741938
2020-07-01,0.9968647625897997,0.4,-6.783544959427434,-6.26262626262627
2020-08-01,1.2810698495523853,-0.2,-6.512241935326724,-5.929648241206031
2020-09-01,1.3910228912373812,-0.3,-6.183101854793705,-5.236656596173217
2020-10-01,1.2303863428671624,-0.3,-4.622683457542831,-3.200000000000003
2020-11-01,1.1757452138405844,-0.3,-4.763324870606622,0.8113590263691739
2020-12-01,1.3204191315779434,-0.3,-3.28150457766595,1.8595041322313932
2021-01-01,1.3738437137002402,0.9,-2.1295843569181794,0.8048289738430636
2021-02-01,1.6698167791706853,0.9,-5.680577271180343,0.10131712259371373
2021-03-01,2.6678187820641908,1.3,1.0038210492383515,14.416475972540033
2021-04-01,4.133077115360573,1.6,16.55213518144698,41.57303370786516
2021-05-01,4.918257089467626,2.0,15.673379835366053,22.536945812807872
2021-06-01,5.295632620349999,1.9,8.958396565691418,12.5
2021-07-01,5.245169381309234,2.2,5.4998863464161385,9.159482758620685
2021-08-01,5.152015301793966,3.0,4.261168528131454,5.769230769230771
2021-09-01,5.351215590949132,3.4,3.0124970172007215,5.313496280552599
2021-10-01,6.235042390298062,4.1,3.5628709708763973,2.5826446280991844
2021-11-01,6.901970403700863,4.9,3.897545981936834,0.6036217303822866
2021-12-01,7.174340285065539,5.0,2.2463731281071153,3.4482758620689724
2022-01-01,7.558805726967832,5.1,1.3181341030033655,1.0978043912175606
2022-02-01,7.937278766517819,5.9,5.429593086433182,3.137651821862364
2022-03-01,8.572204966013853,7.4,3.0544104015221674,0.09999999999998899
2022-04-01,8.231750770777225,7.5,2.923435475508507,-0.49603174603174427
2022-05-01,8.538171195642065,8.1,1.9110298059100916,2.9145728643216184
2022-06-01,8.979361103105798,8.6,1.2217594016755706,2.302302302302306
2022-07-01,8.462576727730099,8.9,0.968659945597028,-0.7897334649555776
2022-08-01,8.222579178218826,9.1,1.0521402147261716,3.6363636363636376
2022-09-01,8.192106896425821,9.9,2.462018715752601,4.64177598385469
2022-10-01,7.758813957693,10.6,1.0648183730078253,3.423967774420955
2022-11-01,7.122856456533988,10.1,0.08902953837490735,2.9000000000000137
2022-12-01,6.404600402357152,9.2,-0.8016099812473643,-1.0784313725490158
2023-01-01,6.327178517960097,8.6,0.3188082918103907,0.9871668311944637
2023-02-01,5.957820738137087,8.5,-0.1634816837026265,1.4720314033366044
2023-03-01,4.917719362889961,6.9,-0.36512224493961964,0.3996003996004083
2023-04-01,4.950079879124369,6.9,-0.1843454258675048,0.3988035892322994
2023-05-01,4.131851231385042,6.1,-0.39957171123073953,-1.3671875
2023-06-01,3.070617072997095,5.5,-0.8893464531073647,-0.391389432485334
2023-07-01,3.287749268428297,5.3,-0.31247838929887584,-1.4925373134328401
2023-08-01,3.722504803505289,5.2,-0.25421306219911566,-3.898635477582846
2023-09-01,3.687206638119256,4.3,-0.2672476942852109,-5.110896817743493
2023-10-01,3.2512659098611785,2.9,-0.7742988102069082,-4.673807205452773
2023-11-01,3.1333462745911866,2.4,-0.09043615385835313,-4.081632653061229
2023-12-01,3.3159099427102934,2.9,0.8386591076755323,-2.2794846382557132
2024-01-01,3.0883429864855705,2.8,-1.2762549126908995,-4.789833822091882
2024-02-01,3.157074141648697,2.6,-0.3543266402759926,-5.609284332688603
2024-03-01,3.4868349120836584,2.4,-0.557312624665296,-3.383084577114437
2024-04-01,3.3607951262196734,2.4,-0.9971062585799939,-3.078450844091374
2024-05-01,3.244278584003113,2.6,-0.06499644303002983,-4.950495049504955
2024-06-01,2.9702579486470926,2.5,0.7734749239909133,-4.02750491159135
2024-07-01,2.9414757935583014,2.6,-0.9226344732312097,-2.020202020202022
2024-08-01,2.607144490692037,2.2,-0.4050008280501727,-1.1156186612576002
2024-09-01,2.4264830315416708,1.7,-1.2004422838397089,-1.7276422764227695
2024-10-01,2.578844053871343,2.0,-0.9947356843759692,-1.0214504596527063
2024-11-01,2.719472461284833,2.2,-1.5579409481489392,-1.8237082066869248
2024-12-01,2.870690967509981,2.4,-0.2741466217243804,-2.129817444219062
2025-01-01,2.9909783078999608,2.5,0.849002693950851,0.7186858316221567
2025-02-01,2.8015834477613355,2.3,0.8119858403550007,1.3319672131147708
2025-03-01,2.381981462805549,2.2,0.5802453773984029,4.531410916580847
2025-04-01,2.32538823025783,2.2,0.8823523543694645,0.4098360655737654
2025-05-01,2.3772651073680873,1.9,0.10162299356553106,3.0208333333333393
2025-06-01,2.680453865910226,2.0,0.5793208714095943,0.9211873080859689
2025-07-01,2.742618052167134,2.0,1.9187662602012212,1.546391752577314
2025-08-01,2.9385917430316155,2.0,1.1886779865559305,0.8205128205128087
2025-09-01,3.0225715847133294,2.2,1.8631698334008018,1.4477766287487093
2025-11-01,2.6964439164939513,2.1,1.7543117556713783,1.8575851393188847
2025-12-01,2.653304114557753,2.0,1.1629935222018384,1.9689119170984481
2026-01-01,2.391201432150014,1.7,0.9734701648033584,-0.917431192660545
2026-02-01,2.4340041103732224,1.9,0.7972359848188892,-1.3144590495450026
2026-03-01,3.2859577528651984,2.6,0.6860622087798474,-3.4482758620689613
2026-04-01,3.7792458367415627,3.0,1.4342233943352989,0.3061224489795844
2026-05-01,4.166614684049641,3.2,1.658091130138506,-0.4044489383215444
2026-06-01,3.463530729385411,2.8,1.3436343659001704,-0.20283975659227682
2026-07-01,3.303856050706311,2.9,1.1299978408934708,-0.20304568527919065
