Date,DBC,GLD,LQD,SHY,SPY,TLT,VGK
2006-03-01,0.00978775321325931,0.01793733551064558,-0.03416683905291862,-0.01591922211445862,-0.001415933931332547,-0.06252342296543845,0.02184196282925077
2006-04-01,0.02906066647532568,0.0772687249497086,-0.040363041723639914,-0.03629521820584802,-0.026272275654544486,-0.06488514595479755,0.011824576777632378
2006-05-01,-0.02012585063359873,-0.029283326805836896,-0.018155746878568135,-0.014643459970431816,-0.04591660499959882,-0.018163628114658548,-0.045143470572968636
2006-06-01,-0.004431712687653078,-0.04267889020580573,0.0033638171371621617,0.006600629899299104,0.006845162451805775,0.016059005912477886,0.014398646254370151
2006-07-01,0.023335767973089006,0.032732724172008565,0.015780794252407526,0.007831023629589762,0.005658301555213852,0.022832845791248113,0.011550124194907418
2006-08-01,-0.03544752572477783,-0.016010163680250655,0.019939066242296466,0.005236865217987718,0.019506369054886008,0.02822587789818698,0.0300830059658741
2006-09-01,-0.033995783120467915,-0.03729534855387129,0.017151960480067396,0.012781125066797738,0.03558220161574632,0.027663657744492864,0.01966495631586751
2006-10-01,0.0032204653348779644,0.006127583506766232,0.003213521263961683,-0.0025882965487697973,0.024571386999152844,0.0016758595610226745,0.02993817553152467
2006-11-01,0.026511028530150194,0.029556258148618175,-0.02272394974014902,-0.03214170484089418,-0.017645871366946175,-0.014566250442113016,-0.0005911694861148176
2006-12-01,-0.018462237614076837,-0.01356511759428658,-0.004153956977480888,0.005511163524620777,0.018285284668596136,-0.022238549500648075,0.03570995493912266
2007-01-01,-0.009060843696365062,0.04133132739793677,0.016260345886492944,0.016960321740723705,0.030580728225581,0.005206932983839341,0.031248697373986056
2007-02-01,0.03242686850219978,0.007468989746465482,0.0021189158805996477,-0.010393962340361496,-0.036809004751024776,0.015758913631955807,-0.029740756407888758
2007-03-01,-0.004096439178796651,-0.021778557552214806,-0.01744493176718598,-0.006309301760020869,0.0006963789376517315,-0.02758759145438161,0.0261282901057176
2007-04-01,-0.013607453321424767,-0.0008315733131325498,-0.012207208475594644,-0.017943976219176982,0.0224313194371335,-0.012075604632165282,0.03538802957146148
2007-05-01,0.013004406355907383,-0.008071811666926387,0.0028895929886780802,0.0147021311015203,0.04982921408847418,-0.008107032664766423,0.037048923912795795
2007-06-01,0.002455463561685356,-0.02423713785017667,-0.013015493043342707,-0.00022863936053962863,-0.019503804714615436,-0.015040148514113727,-0.008462966129067162
2007-07-01,0.004869987711052293,0.009390413954025068,-0.02205667447914128,-0.005014634334625678,-0.04480471848650858,0.018796876939817686,-0.04196341621333155
2007-08-01,-0.014057571421407178,0.016284374048097128,0.02911514375695723,0.01567345040619017,0.01803067929555402,0.023100260492552982,0.007841966334285688
2007-09-01,0.04972119214904902,0.06015989563155255,-0.033613411843936514,-0.03535506561583346,-0.00350976488744259,-0.03846018794987205,0.008891614904785738
2007-10-01,0.06634930877097833,0.05110759313118107,-0.0077296470027697906,-0.012513061883849042,-0.0038766501287447186,0.0006382466991998736,0.0294159532896463
2007-11-01,-0.02111451337269077,-0.03126581569221942,-0.004936298188627175,0.002681126613065299,-0.053130800143287193,0.037733173987604784,-0.0520176229742515
2007-12-01,0.073253312639455,0.07268463688067683,-0.002259775942287434,0.008834531221660002,-0.0055055010635682855,-0.0004930426298357382,-0.015025571991731934
2008-01-01,0.012646865387279549,0.09064094365209407,0.009210366434340145,0.0002456860382442638,-0.07552793774786226,0.004586188063264274,-0.1044119932067632
2008-02-01,0.08613129047914736,0.028323458649663236,-0.02968499843929029,-0.012686328800177282,-0.04803705890333354,-0.027231864850649434,-0.02565249740112996
2008-03-01,-0.04788529419812482,-0.09674743091189808,-0.04484002642322715,-0.03666555298520846,-0.04769418538882364,-0.018549797428131343,-0.02650674449916035
2008-04-01,0.07652855496527322,-0.026997927958772205,0.027860919041243548,0.0067214784587597,0.06361160684118605,-0.010017997856484051,0.05684246380880098
2008-05-01,0.0696239792506892,0.009751377328373056,-0.02154949964854369,-0.0029492168400210295,0.015638856430268966,-0.026381601344932726,0.007220529001103149
2008-06-01,0.0911326507552861,0.03269147257766081,-0.02470201358049573,-0.009511857282400116,-0.09451653180871533,0.014280397864901984,-0.10075265151890322
2008-07-01,-0.08860964086557976,-0.004389811173210578,0.014142087640314438,0.0145859659199008,0.0011221905501046514,0.006488162143849063,-0.018900951240865438
2008-08-01,-0.006727645911316471,-0.03602767057682332,0.06425613547350961,0.06767342788388175,0.07914022123865716,0.09182899546936696,0.02185668044214406
2008-09-01,-0.06501081506973339,0.0845965925761547,-0.07002778314910696,0.04986231395915097,-0.056347544301462826,0.05713357457381618,-0.09256370526288904
2008-10-01,-0.16816561166067678,-0.06888697666712951,0.08876234043932074,0.1225792758794031,-0.07309550618002392,0.08965455283889812,-0.1320534901951642
2008-11-01,-0.12449927092719493,0.12467174583129759,0.03256024919846334,0.010096808979466187,-0.07048584609787745,0.1423338081628458,-0.0747013930059065
2008-12-01,-0.11775993021302844,-0.017489183241809148,0.037976922037392,-0.0828736738630802,-0.07907551953478542,0.03649817901025809,-0.02247869838091998
2009-01-01,0.03885855516297965,0.1472662204516415,0.06751181938837925,0.08233030542361619,-0.002182689783840175,-0.05500854414606515,-0.06339745390844853
2009-02-01,-0.04571285529673519,0.0258330248667904,-0.041408705847851834,0.009749350554478564,-0.097439275034366,-0.004275600858568596,-0.09373148529609365
2009-03-01,-0.0007012523348431943,-0.06939383027718371,-0.04066336277266058,-0.04040176640766413,0.03437748679839192,-0.0065250439227241275,0.028328262401310145
2009-04-01,0.0002823228457340399,-0.032099937939531364,0.02908478482021115,-0.00036989618912663946,0.10075696091411057,-0.06832650401638551,0.1331138846006139
2009-05-01,0.09006820001496929,0.03349902003373528,-0.04071524998389986,-0.06191244695684539,-0.007634107055042416,-0.09707987711106003,0.07131387566820191
2009-06-01,-0.018897036662175015,-0.04501682688935327,0.03669278798978137,0.00661046415633626,0.006901177720298524,0.015127890009027034,-0.016131971417978952
2009-07-01,9.240586313152832e-05,0.005228853655483423,0.027347098211077503,-0.017059098969371633,0.05511375994615886,-0.012482369455104503,0.09325946560168741
2009-08-01,-0.045378689735573796,-0.004692171834907111,0.007806588967310235,-0.0011529489198727205,0.03152115098450303,0.016966962806965746,0.049337392147707604
2009-09-01,-0.02108423889985045,0.03838498444649274,-0.0016075209760338938,-0.016549005909665238,0.015923417043991694,0.005252354223200806,0.02841841382861432
2009-10-01,0.060297159109147014,0.028441036882322024,-0.013400081593495261,-0.0071242759738731065,-0.027534257232849857,-0.03441113902363624,-0.03406478325355511
2009-11-01,0.02869554237047134,0.10988718209659432,0.003273530031963512,-0.010070046205632788,0.04468508665195059,-0.004003105573754495,0.028669847863252995
2009-12-01,0.04449327491814237,-0.029170842471639147,0.024562046260660164,0.03739559982830021,0.06617381426981628,-0.020198315594413097,0.04371097593367135
2010-01-01,-0.04769342731015236,0.020309896950178263,0.04620701460123722,0.04152974727279046,-0.004243645881561564,0.06112800685612063,-0.03148527970623549
2010-02-01,0.057438218333672575,0.04862502144998593,0.020517594903434855,0.01700197788301283,0.0470477995235854,0.011896830131904457,0.00978657012855666
2010-03-01,0.005205610908881386,0.00547699434294735,0.016490832898704788,0.00718909487716779,0.07138947519262051,-0.01086992152437094,0.07561023010373025
2010-04-01,0.056613853305571116,0.07666468147985817,0.03623931017358917,0.01989223596825318,0.032570092635143766,0.0506159025641435,-0.02182254600848965
2010-05-01,-0.033696653187548775,0.10824528093135632,0.061361028259060424,0.08030069606440748,-0.010017752743697539,0.1303677826078924,-0.05092698954411379
2010-06-01,-0.01152609970970453,0.030048767031709778,0.03933926777652075,0.010562783534969089,-0.04572268645965061,0.06469229296142909,-0.010155570903584654
2010-07-01,-0.001977164873344206,-0.10737297382674549,-0.03967928717824076,-0.05770632176040014,0.004704310834448222,-0.06843030474233125,0.07385338251856344
2010-08-01,-0.002278991411093889,0.08743179417645353,0.05810503339685935,0.031188454561230428,-0.017542064687661285,0.11505040102856934,-0.018345468232791373
2010-09-01,0.014410750217353607,-0.021344978735107545,-0.061686835544807916,-0.06484278138851307,0.017697477567504283,-0.08949206186300063,0.03920728264120843
2010-10-01,0.02235583751733894,0.014957932742448055,-0.023659440890858252,-0.01894085188056649,0.016308438405422176,-0.06483821656373567,0.02673178025024736
2010-11-01,0.06116164307253302,0.0883203220037101,0.04860096228745969,0.06363490466029376,0.06581773550168735,0.0478122162087975,-0.017403337526894158
2010-12-01,0.07962614274625457,0.006381021238945461,-0.02494819471041887,-0.019168641251740226,0.048118708738641436,-0.053900324605984706,0.07220233369668727
2011-01-01,0.0018958888403339813,-0.09424211716548614,-0.03216263989823187,-0.031252402006358926,-0.009976667019248597,-0.06232853386154524,0.0031526434262618697
2011-02-01,0.03581949580914112,0.053988878488346215,0.005084044272816168,-0.006862370999651923,0.028885702211560726,0.010752798781820117,0.025406356203174107
2011-03-01,-0.0016472623356682536,-0.011955779013256396,-0.032753437065214164,-0.028761717057286806,-0.027381132492347526,-0.02721255113254939,-0.037502725372083545
2011-04-01,0.0005506789572831128,0.04254911379332604,-0.019081460100627612,-0.037935796540677025,-0.015331919270673455,-0.020662835558841075,0.036530617391812736
2011-05-01,-0.02237085001694339,0.01248287721115049,0.044042433742316645,0.03470838856478675,0.019392532036161425,0.0662417596405831,0.0016391878795325443
2011-06-01,-0.0523348524833549,-0.03420070338659409,-0.018013586476445798,-0.010169394031421475,-0.02682052207328811,-0.03311696209256654,-0.030762895033635496
2011-07-01,0.05539054502730689,0.09435068250106937,0.033913067050035606,0.012270857458330564,-0.010809472809683807,0.05394291101542459,-0.0370037552092205
2011-08-01,-0.005207440386207685,0.12134658709772128,0.002150392846468563,0.0021924852553358853,-0.05615660431179226,0.09530391094071922,-0.09394733691128032
2011-09-01,-0.08546714919703502,-0.047337478204974914,0.074918147714361,0.07007025430865554,-0.0032029824876057544,0.21261692056114434,-0.0599339076711618
2011-10-01,0.03806634938458631,0.02090886954062432,-0.0115070663617034,-0.035375930965143576,0.06954338903463086,-0.07263138752402742,0.08405941602507916
2011-11-01,0.033728558821370935,0.05400535661583539,0.003995191381932273,0.03718729222300987,0.03250740652510409,0.05734137206145373,0.007009261022377089
2011-12-01,0.0069854727217488755,-0.07356950886408697,0.07317200764912712,0.03753962273727751,0.047835259005115205,0.07272348367298909,0.012749040743143869
2012-01-01,0.030530216359543116,0.10712753687469867,0.01518892866888022,-0.005305475697123807,0.03996116457735943,-0.009407931639573097,0.04808684252888207
2012-02-01,0.029407104683559115,-0.051876531590206554,-0.006951686613416608,-0.02428097924068018,0.019505235673667354,-0.048281607525897496,0.030097252489629467
2012-03-01,-0.015893646422677876,-0.011358198626499783,-0.012363416211642275,0.0011021214600261953,0.03409877951766038,-0.040564035491997275,0.0025276958390101356
2012-04-01,-0.0057119944085244345,0.006445033664546296,0.018844597386041828,0.009970678874331673,0.0012087093697252804,0.056663185155993556,-0.017212130273475013
2012-05-01,-0.04942560352886194,0.0021466742765103852,0.07806260759031014,0.07056994502463909,0.005703740127946499,0.16652891773093392,-0.05812979209587166
2012-06-01,-0.004276250549515193,-0.0010167571669378317,-0.015491558868181987,-0.02494596470970123,0.015609718750223323,-0.040376562009246886,0.05667819410609809
2012-07-01,0.08858621842929937,0.03728119445090816,0.06449296702187723,0.030933392172181273,0.040833186739420935,0.06793174847022376,0.03202663307787934
2012-08-01,0.034422787151619616,0.027453725010306407,-0.02143596503321621,-0.02083998889154204,0.00361932568323331,-0.0338231349853908,0.024889217975275768
2012-09-01,-0.02536238569137661,0.02407151368455218,-0.010861270638162668,-0.021462910903740973,0.0031784999773527556,-0.04640469605509234,0.00707906641451328
2012-10-01,-0.04661570327104958,-0.037077282805284995,0.005483514667396161,-0.00855187958617043,-0.025926632479509437,-0.012673175147932647,0.009664756509582428
2012-11-01,0.015518331203545843,-0.008653648895809885,-0.0112023393992714,-0.0037608041474883613,0.0016399621608491621,0.007548716184929027,0.02065461956255832
2012-12-01,-0.024583318969189083,-0.03729333943830915,-0.016608700012416655,-0.013101791681149666,-0.004531940245143806,-0.03789228779829801,0.029136404073775157
2013-01-01,-0.005189011110541375,-0.03421203665800587,-0.041894820112235776,-0.02918438984670757,0.02039099554091872,-0.06021973238842382,0.012239996098348582
2013-02-01,-0.010272926332741905,-0.01422106235389109,0.049786583934636974,0.039238579089590164,0.051862744102871394,0.05147722430447166,0.0033315501979898077
2013-03-01,0.027292140141361276,0.030192809481438543,0.020045198297507172,0.020860353562831557,0.05927211507126762,0.016240584885712117,0.023990765029011207
2013-04-01,-0.06379487767322167,-0.10033308579503364,-0.005577602932455683,-0.02606357641082324,-0.008032964649351326,0.018865431587249182,0.01744502834235928
2013-05-01,-0.0019644534958748183,-0.0489879930996977,-0.01876372589473263,0.01250302422591787,0.0377958622006227,-0.05468776997726166,0.014056683289729088
2013-06-01,-0.029872237308653737,-0.11209239545136662,-0.03431081870699271,-0.0026730081126791205,-0.015012695493896944,-0.03434852138163613,-0.04614046150506923
2013-07-01,0.010703665627836978,0.052300609861387626,-0.009644361760992592,-0.018886603840832294,0.03013960041654662,-0.042596207947885545,0.05421088381836081
2013-08-01,0.034853362742576666,0.058903810652157995,-0.0035319127542795536,0.005539073264007488,-0.023670793238382948,-0.006973809540203435,-0.008249470651357171
2013-09-01,-0.057959055252608915,-0.07168638777240088,-0.017812874863689654,-0.02287108451537123,0.005807785821082545,-0.018691779616602178,0.04491203099804442
2013-10-01,-0.0047266179461386,-0.0077578844516906775,0.013662860090081663,-0.0036562772582618974,0.04176572351654717,0.009901866015165961,0.03731293272901759
2013-11-01,-0.010194247865327632,-0.05594531131809488,-0.0022741024933599086,5.192504260165265e-05,0.028729494348501916,-0.027890825178581435,0.009324341022864724
2013-12-01,-0.00674902197944216,-0.05002419401794911,-0.010433615186157263,-0.014306767226322292,0.013045487061595695,-0.031017045291041212,0.016474219826353664
2014-01-01,-0.010359037373422253,0.05556194766637579,0.03988415535445888,0.02272249427100137,-0.015309710410306487,0.0849966059122782,-0.026026930364056233
2014-02-01,0.026963320755096554,0.03914898440182868,-0.010968969792646499,-0.021782870241324304,0.022342389826534692,-0.0170401212182012,0.049635141224017465
2014-03-01,0.0017214092646304913,-0.029382606589727245,0.0018138765818271896,0.0010152803402014854,0.010417840608605067,0.009442697317028514,-0.004197027492223504
2014-04-01,0.004323013492926853,-0.001803327191699955,0.006498946552522256,-0.005634833609595269,0.00019929005390073584,0.014106139270487095,0.019580147442242568
2014-05-01,0.002231064726392784,-0.014162693200756471,0.0322607775364141,0.018678654864733524,0.04046024803367221,0.04685483775238586,0.02476071103163391
2014-06-01,0.01739999112890489,0.05930708605656787,-0.003584946066500838,-0.004441219482017145,0.016917160120575758,-0.006155907109390069,-0.004535769067245843
2014-07-01,-0.026061317036145115,-0.014725618896660131,0.01913824069119152,0.021619808704842036,0.008666539026685571,0.029195193982323397,-0.021766081558015404
2014-08-01,0.006588547087120089,0.02212954034356107,0.03865739849006111,0.02014343004294905,0.058434488842139753,0.06635070574819202,0.025707041466298763
2014-09-01,-0.03396592843036772,-0.02297967253533917,0.023824844245964316,0.040574164349165276,0.02696972726605562,0.019340426026332347,-5.6063021112939815e-05
2014-10-01,-0.031241370178863304,-0.022965801135379382,0.020259846523698055,0.010445631695416902,0.031556499247155534,0.036228048705187144,-0.011342296099960847
2014-11-01,-0.078358369849024,0.0024786045374725063,0.016581644611407098,0.00845488925270721,0.03507214270423287,0.037289187094615706,0.02822519304028348
2014-12-01,-0.071311852594232,0.041326229920235935,0.02767238754002843,0.024840569035375903,0.025241739304259214,0.06126819453785837,-0.02035601564277656
2015-01-01,0.010834625646868323,0.16497480031681055,0.11204636731924666,0.07856088690287155,0.04007564002345387,0.17704182760078124,0.07735501904430198
2015-02-01,0.05292634250595829,-0.05123687424884438,-0.006016412127765269,0.005374122098425804,0.06497743823500257,-0.05358729680582697,0.06974594801786393
2015-03-01,-0.020655277322149446,0.02001840999507376,0.04448798384806496,0.04505145659632337,0.02608156008974749,0.05384046094852435,0.01703934948133856
2015-04-01,0.031057438300376328,-0.03932587775057872,-0.049141707379205424,-0.03741056776007168,-0.02825408473373725,-0.07067751286392343,0.00310240691023167
2015-05-01,-0.016914948432740107,0.020918008496876528,0.0039073387682790894,0.015699570379607453,0.028333732467377137,-0.00880652947316396,0.01815530808855792
2015-06-01,0.001795558793383778,-0.02928923623404789,-0.03290588765736391,-0.014031273862343152,-0.03436542402595433,-0.054480376443638234,-0.04660243027956057
2015-07-01,-0.11612660645755568,-0.055540878433110286,0.01983951207883039,0.011878923421717369,0.03427278542284351,0.05740459114827123,0.03840682455321165
2015-08-01,-0.01733455909759196,0.021693195758449857,-0.02298087842726293,-0.015316752724236382,-0.07487570864154725,-0.02162155989851744,-0.08397985926697615
2015-09-01,-0.03164862523769718,-0.015196153164001136,0.014798401284646934,0.005825536801064457,-0.02272234441453347,0.02259183066013626,-0.038450501928004144
2015-10-01,0.01420384753821935,0.03394937999089054,0.016666902615571688,0.009439812586142349,0.09685193225769972,0.006734726188207585,0.07047554470329542
2015-11-01,-0.024021142878227097,-0.025143228370464232,0.04383390007213239,0.042745153953302806,0.04926706016716298,0.036375204156277485,0.032398269937214286
2015-12-01,-0.08424271771051672,-0.03174047731703633,-0.03786513041421291,-0.02880040502386083,-0.044160559240020714,-0.03024120884676995,-0.05278569584383597
2016-01-01,-0.041028919101295025,0.05673746329859819,0.0037232439151353436,0.00902821739823434,-0.047417934687650876,0.058361851537371834,-0.05317906122440341
2016-02-01,-0.005651928668973238,0.10562889663295771,0.007170171591075691,-0.0021963697728673015,-0.004135842682211677,0.027445510830083508,-0.03547068845805379
2016-03-01,-0.005417844102162173,-0.05387224367821486,-0.011340730221019446,-0.04451507063326943,0.018353726261466363,-0.046719776530417145,0.02122079742567018
2016-04-01,0.09217502641767994,0.046402698490902505,0.011018895745160462,-0.0040948556782745005,-0.0005337740367339361,-0.011790475414381274,0.023036515880547004
2016-05-01,0.03664237078999899,-0.03558891116513585,0.02221533223409322,0.026259368221175583,0.04495952170614159,0.03575634052627841,0.022328947393392307
2016-06-01,0.05325061406690801,0.09986892986382623,0.04056854805301291,0.015418313263946715,0.012844968277256896,0.07932599494048431,-0.031792448280127505
2016-07-01,-0.08103569319603332,0.007427225408100702,0.0005811323666282675,-0.012640307279401797,0.023849460790588806,0.008591373899570431,0.022118681022564646
2016-08-01,0.00969203907711269,-0.03065363649792907,0.003780946431072074,-0.0003680740282756556,0.0031737930187230035,-0.008181001753323036,0.008822466519047945
2016-09-01,0.0345462892942241,-0.0013507974806238332,-0.011317010629294688,-0.006902394200496209,-0.008128992517669409,-0.023146968484263786,-0.00036471621799127885
2016-10-01,0.021762925835869362,-0.005012777132689328,0.00950710141745903,0.02468362376270017,0.007404254895714502,-0.01973194669701106,-0.01100704210716319
2016-11-01,0.05361960379598529,-0.05029753010629834,0.003476640247523033,0.031432580209340255,0.07447761510536255,-0.048817442526483235,0.012052812963703197
2016-12-01,0.043986200515277796,-0.016733079890450697,0.010876470763021118,0.0031891631231684148,0.022785286235426305,-0.0021725207995318963,0.051798596092934135
2017-01-01,-0.02797439951406655,0.030557314093304422,-0.02100184652479864,-0.021378498704668458,-0.004925997483786859,-0.014460378448775457,0.006536340612488756
2017-02-01,0.014639376641744084,0.048951208434281135,0.030004320343857582,0.016948247202769107,0.056518424205790785,0.032684178914401674,0.022547940829852786
2017-03-01,-0.03967818374873344,-0.011723511001247688,-0.010406845286030975,-0.006843646810934634,-0.0062372902346121695,-0.013980228031998276,0.03649379229361127
2017-04-01,-0.044550281392288116,-0.0011264325955788745,-0.006408301266515926,-0.016244600742705173,-0.008335339630273109,-0.002634064556291671,0.02019000675352789
2017-05-01,-0.04410735582430425,-0.031553165711973086,-0.017422415050736384,-0.02963793056868147,-0.01666427832334727,-0.012042963273517504,0.017246810867483475
2017-06-01,-0.02478454979553535,-0.03656085244050167,-0.01060666793360654,-0.016104337420034143,-0.009058750760101097,-0.007538801594671685,-0.02039300915214104
2017-07-01,0.004305277159686982,-0.012772209699477566,-0.027706247036408893,-0.03329809619782187,-0.01525937676087874,-0.04144453174598195,-0.0077931809818633235
2017-08-01,-0.0017504151466886109,0.036030356757981385,0.0010161153161674097,-0.00370536558266632,-0.0028161481795299093,0.02817532615118723,-0.00501562145430734
2017-09-01,0.026860579344584856,-0.027073133984560016,0.0063585037318234505,0.004976597919065684,0.027144598480857596,-0.016532026557852464,0.03917992937542358
2017-10-01,0.05433705752218554,0.0065746819954111135,0.016120183910795616,0.013239878123857629,0.03806312292545866,0.013774528599235891,0.018860034721874586
2017-11-01,-0.011839781482850587,-0.017523369491838747,-0.022219585870254743,-0.023127228301216607,0.00891180386359447,-0.01373621024352012,-0.02151326713212165
2017-12-01,0.017244995265164542,0.010525388763665156,0.0017645588555101899,-0.010514678785391696,0.0016885108996822495,0.00762511162680779,0.004831226096245755
2018-01-01,-0.00413157158843569,-0.0013755905871735141,-0.0445253590230521,-0.03543674120586371,0.021849644314238637,-0.0641605393423671,0.021790187979073616
2018-02-01,-0.011988398281783663,-0.003357961054449521,-0.004998001140216757,0.01674773646758365,-0.019235834945235397,-0.013184241255427165,-0.04478119626058075
2018-03-01,0.013841418942317718,-0.0025833109223996065,-0.003329316153681039,-0.00639797879656212,-0.036015145978069985,0.019496235189079725,-0.01232911441927742
2018-04-01,0.05522812049464565,0.010640246575956303,0.0043956203987747244,0.017978302050720485,0.025647914396857097,-0.000932128889003625,0.04230860800068581
2018-05-01,0.06231073151992228,0.022245458859337708,0.04001312489190245,0.038262940035291404,0.05976944187962485,0.05535655906435566,0.009537080423839717
2018-06-01,-0.019999988042109673,-0.03672724619818546,-0.005468957772268079,-0.00016737177805237202,0.005147781916926553,0.0058545584735343326,-0.01297717423040734
2018-07-01,-0.026738352014865185,-0.024840731913477465,0.010927277660668366,-0.0030764790473408743,0.034477447878382694,-0.016810863196116466,0.031466594315874286
2018-08-01,0.01709363669663433,-0.01209790935252053,0.009687662243171413,0.012986115668678133,0.04170844182182032,0.02273140354396963,-0.01903842920444765
2018-09-01,0.03163409985701526,-0.008829702173788534,-0.003641125348974983,-0.0036637585859055077,0.0036950762709537788,-0.03081612552759916,-0.0015619244549629485
2018-10-01,-0.03205178590040669,0.047329117664283826,0.004573590472928046,0.027161100635274105,-0.04528138697724937,-0.004464297115652549,-0.055405231542045574
2018-11-01,-0.09775057405224918,0.0041844157171879726,-0.0027928240951281547,0.004608066842448411,0.019359027635899917,0.018681479091275932,-0.0059698998812739434
2018-12-01,-0.05115759217642324,0.037236719575134414,0.006769622115102791,-0.004099015258784089,-0.09863581551973877,0.04624569630160136,-0.059502466067513304
2019-01-01,0.07127061947760027,0.029045631202533118,0.03386175193173524,0.0026866009079073994,0.08025414004255382,0.003960844665688468,0.0670310786542212
2019-02-01,0.03512839788097666,0.0004587331137297923,0.004539308417931265,0.007456796044043701,0.0392203559462152,-0.007263708599804075,0.0384171392273438
2019-03-01,0.009638579857522256,-0.0027352334054343563,0.04313260739526559,0.019801698225609066,0.03179248346856256,0.06991463966054123,0.02117003515899829
2019-04-01,0.01438899998810328,-0.004244346364170926,0.0067845565181721135,0.004249179443576612,0.043361462085286684,-0.017548295229535382,0.04167679791025902
2019-05-01,-0.05527861098380016,0.022320361793847665,0.02124726473362526,0.011915638119644356,-0.05940453869853757,0.07337514902155018,-0.05232270017188889
2019-06-01,0.019089791707131543,0.05866405700843713,0.01204315175326287,-0.01526340257648029,0.04842825840576803,-0.010468416507041334,0.04250418526363342
2019-07-01,0.010228882683161133,0.021999527207009706,0.02451857350051556,0.021270079753269666,0.03737317914665783,0.024544049112758426,-0.004695867131278675
2019-08-01,-0.03406537283199884,0.09296937734709743,0.05218994278373579,0.020749654329010436,-0.004127047677599416,0.12474003368530906,-0.0038378548813696733
2019-09-01,0.02197235628452976,-0.02650646805476642,8.516385902423984e-05,0.00635070370223656,0.02731061535547874,-0.019303097824637017,0.03340062236003538
2019-10-01,-0.0035616845230214134,0.002649466390956423,-0.018059836003185947,-0.01935256780429595,-0.0008019711086606485,-0.03329384238019539,0.015152947936831973
2019-11-01,0.011021687377629874,-0.020139579242230865,0.017151006332336127,0.011864834524341505,0.048987279300681585,0.008220925501524645,0.02543536709954264
2019-12-01,0.038881111456260165,0.017354697165046673,-0.013350593314814696,-0.017005325257259063,0.009990455871349946,-0.04990941670343074,0.025768147753110204
2020-01-01,-0.07393299650811669,0.05866958691975599,0.03786453639284537,0.01894987490864386,0.012674809433793177,0.09100195590020155,-0.018207232493713588
2020-02-01,-0.05965633534752701,0.0009543971731558187,0.01835770534645431,0.016194070274266226,-0.07238543692354471,0.07411665066571582,-0.07281459255121325
2020-03-01,-0.17452747664742563,-0.003582659084590767,-0.064394497143058,0.011062255092485929,-0.12606291346025778,0.062317824686632495,-0.1676645437205907
2020-04-01,-0.023844983478843007,0.0806546920582567,0.05632087946414721,0.010246157872799477,0.13543539945525018,0.01978016167477148,0.07244660424502691
2020-05-01,0.06390068858166686,0.00990272649556112,0.00864317182175478,-0.01634779512969564,0.03132715353655646,-0.03292055770944591,0.04190425018149124
2020-06-01,0.03290217420558261,0.015491379472608369,0.00946113000585136,-0.011340603432684504,0.005960697376087509,-0.008241405488421782,0.02730085047343911
2020-07-01,-0.0008385657760286991,0.053081063966454956,-0.020017478995912552,-0.04859406311142189,0.006493645390598157,-0.00732678164088707,-0.014734241800495207
2020-08-01,0.03515985470050298,-0.013912311944633049,-0.028303225151495415,-0.010940056579389568,0.05833761969237172,-0.06063611300049532,0.031954672823808705
2020-09-01,-0.016773260929014766,-0.02315813514992926,0.014880386506787247,0.019351725004051357,-0.01880464655310843,0.02724712490533876,-0.012408786423526719
2020-10-01,-0.0250731865312126,0.0012971833743757877,0.0013883787079349563,0.0060596819084908216,-0.01857107984420947,-0.027547483410402807,-0.04799575515315224
2020-11-01,0.07421479304915879,-0.07791619231240365,0.011572611121858145,-0.024977934209304276,0.08084402935087343,-0.00897352336167856,0.13462166687486277
2020-12-01,0.030204172252987327,0.04546329876560695,-0.02158616465285712,-0.022662053021716533,0.013135929623195208,-0.0350505097264433,0.032408378993142195
2021-01-01,0.04142289399595045,-0.024661954484425874,-0.010630633931604794,0.008061453581856615,-0.00244155974468363,-0.02878382362163323,-0.0012056989813570285
2021-02-01,0.10520761520823085,-0.05931303728858128,-0.019238850085144255,0.0028920949985131728,0.03137522996060582,-0.05405583249746848,0.02935844884490768
2021-03-01,0.022418576998837647,0.01803112065324952,0.014584369810267894,0.02923228646997611,0.07655732666229231,-0.024211009560548113,0.06396239829344297
2021-04-01,0.05254184618305224,0.010926745274119076,-0.013674310446795457,-0.02330193793691815,0.027791232563858292,0.0004987084008623022,0.022780810595182333
2021-05-01,0.0245585805929891,0.0623018590606117,-0.007306622539033691,-0.012855052126110711,-0.006971398754323399,-0.01342783211805132,0.030490674715347055
2021-06-01,0.0651700346768207,-0.04436072892216525,0.051963604266074936,0.027438649645314728,0.05228550793527087,0.07468499471546552,0.015075520111284657
2021-07-01,0.011620798101745988,0.023914629370081375,0.012822340434580637,0.00030889253257582183,0.023030944263434883,0.035767654099533086,0.017210968045052066
2021-08-01,-0.011075428514457863,0.004654031555263005,0.0019652222096313565,0.005097252976744571,0.03534500223405268,0.002003585406319619,0.023621193082382863
2021-09-01,0.07240427573173824,-0.013593854983246723,0.0038976729369724072,0.018234078895996486,-0.02824091832001574,-0.010367639789277905,-0.03567981865780301
2021-10-01,0.060267750064208814,0.01699332893075578,0.0074856675872123635,-0.0011980007917206104,0.0724793232997405,0.02686738235867958,0.05256993917160946
2021-11-01,-0.06616596043451428,0.016415668334581746,0.022264833676800988,0.022894035246198374,0.015255003891265773,0.05184408647623795,-0.026574055389972484
2021-12-01,0.06381335514513942,0.030161615019264065,-0.0030796903803619324,-0.004855953383854694,0.04338200667048686,-0.022821950849759687,0.049101910482350464
2022-01-01,0.08912236617108582,-0.007492169129391546,-0.026804681886972048,0.002491987107259286,-0.043785594783012916,-0.030054815824360426,-0.026640037946825124
2022-02-01,0.06353619222649054,0.060082670006281536,-0.02236075288525763,-0.005386074805787122,-0.030554650339809974,-0.01738165322426477,-0.05390014851433855
2022-03-01,0.10463954237282302,0.024685108569567626,-0.01747009000666333,-0.002373884925941816,0.049843514114224385,-0.04327749781276924,0.013403338359704087
2022-04-01,0.11215126344667747,0.030971056811291087,-0.01776134566251797,0.04753487037322812,-0.03963376674420904,-0.046444797345788214,-0.012989386135992764
2022-05-01,0.02721898812142709,-0.05010430417618761,0.0002236716702768149,-0.01222432795940831,-0.015862116533601256,-0.040204303694897914,0.005633018630416764
2022-06-01,-0.05185068451915387,0.008974714327192101,-0.012108484908058936,0.018934112670143666,-0.05949763805281261,0.011961451889706654,-0.07643044406618993
2022-07-01,0.005755812932608961,-0.00038753250505285664,0.07177854837883468,0.030377405201369667,0.12066887365792134,0.05111805703230954,0.077460382828485
2022-08-01,-0.0015285819370701725,-0.016222389233944146,-0.03128248298514613,0.0054012996690266935,-0.02774595969802962,-0.032539283353096304,-0.062053088967495396
2022-09-01,-0.04357634513936448,-0.0008888300172896768,-0.032696569863709724,0.016558439683453274,-0.06628528517415466,-0.05589954192422386,-0.07081467248520257
2022-10-01,0.03976563139041134,-0.027978941888108566,-0.017694503052153476,-0.011564016366204855,0.07011847741931732,-0.06934712402431331,0.07310195904625538
2022-11-01,-0.028325190419030255,0.038886074834326934,0.021226629159634358,-0.03578557376556468,0.010803229929355451,0.026047008278128336,0.08673938720138374
2022-12-01,-0.06121799263672767,-0.006774083797952302,-0.05002099970141005,-0.033918053217061095,-0.09066146474129444,-0.060335304502908915,-0.05119284573308225
2023-01-01,-0.005942212330684149,0.04200822988334241,0.036102325296651694,-0.007087735215652313,0.04722490055245432,0.06057422657282041,0.07945451986844176
2023-02-01,-0.021563426851702205,-0.030825657065129963,-0.018550883446420308,0.01589212458518774,-0.0016032252450619566,-0.025530381327683482,0.006610727212247536
2023-03-01,-0.025655270271355723,0.052360919496371894,0.01269463768769108,-0.008764441545984769,0.011322396563326897,0.022357262488817975,-0.0006872186468226404
2023-04-01,-0.022684210917587433,-0.006725096169737377,-0.009269396703449284,-0.012814814943221786,0.0005145476796002413,-0.011885357771976301,0.025498782770931205
2023-05-01,-0.030183169754092076,0.02232442402184165,0.017900519891082878,0.03232544504614432,0.041013938575233944,0.004984833274675138,-0.016830011825767266
2023-06-01,0.004401387863090411,-0.046031577323714434,-0.016455429349340633,-0.029184378383913523,0.038862467175423854,-0.0222408539365454,0.01728631096573774
2023-07-01,0.07735877994546292,0.013604549415263678,-0.008541047975856642,-0.006060179335957816,0.023361782377441687,-0.03428612856715396,0.0196736750741604
2023-08-01,0.012991309546759089,0.0037079492246832046,0.004202971258594257,0.02087108650367986,0.00017557020987624128,-0.015246318930262959,-0.02445573282062119
2023-09-01,0.039502328594936964,-0.024659857218464643,-0.012336706315382195,0.02328374397290145,-0.02448458163291478,-0.05733412653240244,-0.021929115788334563
2023-10-01,-0.016542151762646284,0.0753497387587776,-0.022641445335976007,0.0048500241293001345,-0.020227396405456677,-0.05320048828182544,-0.0294322009967124
2023-11-01,-0.05488651944631884,-0.006645081347304349,0.04221355394577797,-0.02097772894868577,0.057326882450016825,0.06497589013601779,0.06340086358254893
2023-12-01,-0.0463762019743712,-0.0012788413400903753,0.03415244368532244,-0.003041173649307005,0.031098074550300447,0.07172677933948157,0.03932817557565227
2024-01-01,0.032478351740401035,0.004570047759859364,0.014557029587779935,0.022299122610378586,0.03529988581329868,-0.0038099799058354256,0.006583943003296788
2024-02-01,-0.010852247760898326,0.009025382969545692,-0.014964410588260812,0.0005489526208408702,0.05686009083284049,-0.018180410609829556,0.02857078875350605
2024-03-01,0.0461144581606745,0.08829448226181213,0.01691589203795374,0.00492320842613414,0.034233425445178156,0.009322944166604286,0.039767996206000245
2024-04-01,0.026284266893546793,0.04020934616248595,-0.02274051742098171,0.005554673907439245,-0.030708621438586547,-0.05518597842211226,-0.01578283859320284
2024-05-01,-0.017890663111475913,0.0010110201203019642,0.006870343645024812,-0.007849044183803056,0.03488791129312596,0.013502084275892168,0.04856300702843508
2024-06-01,0.010863196777372242,0.011239890408908604,0.01864222273864291,0.018115726502612173,0.048328656100580014,0.031004502832593817,-0.01727120149940009
2024-07-01,-0.03803974835398072,0.04276821578446244,0.015759537752501496,0.0013258162711489163,0.0016355039081425993,0.02557520955768111,0.014700489636324088
2024-08-01,-0.04179750348424516,-0.0009544202364071275,-0.0031241752815174273,-0.012700536259914852,0.0014361626994707777,-0.0007686458402315077,0.013877791874914669
2024-09-01,-0.000445358570054899,0.0428736630715667,0.0118525595860135,4.6761797842354014e-05,0.01321788701650295,0.012215411451770075,-0.002848019897515597
2024-10-01,0.04146874617868335,0.07085789197026626,-0.005927491288275855,0.02031082914309601,0.017553682211642885,-0.029290518597825055,-0.029890784750051913
2024-11-01,0.008700555733779813,-0.0029510773459583417,0.0476345731543375,0.03224972606986931,0.09057754987312339,0.049654922036696414,0.011125011685468866
2024-12-01,0.03648885815726821,0.004580110934542914,-0.008329206446465842,0.021487425221909273,-0.005580340410397233,-0.04608312040021001,-0.009014994430489254
2025-01-01,0.022754319819513924,0.06282483375007941,0.0010641158228441583,-0.0009478913817720924,0.022018170795796044,0.00018914259349989138,0.058483630757281135
2025-02-01,0.0011730089225303608,0.01802046870929952,0.023516439153418833,0.00715846851924673,-0.012884447627645734,0.05676787192390864,0.03980016217654292
2025-03-01,-0.0145971179485207,0.054523329406968024,-0.04095092766947528,-0.03224875615588274,-0.09018073133313065,-0.048102220639654525,-0.03244551932720441
2025-04-01,-0.1303249459647997,0.0028744601683687865,-0.05130096725961886,-0.04099660984871867,-0.05697446763473191,-0.06166840173283317,-0.012144409114036026
2025-05-01,0.015249377567923883,-0.0003834182829459687,0.0022407316871793093,-0.0023706869955937293,0.06303223639475108,-0.03193574468153748,0.052990333844005866
2025-06-01,0.007000782825560492,-0.032033108196312554,-0.015862745049511906,-0.030297887142355817,0.013600550116871002,-0.010255916299750645,-0.0123226593478315
2025-07-01,0.05987078207986474,0.023339719536880743,0.028732090818932354,0.028708632557959524,0.0533707937307073,0.01792180952376099,0.005077127687757255
2025-08-01,-0.0330229265074784,0.026175017939499945,-0.012373635269909866,-0.01389884801959318,-0.002517409730249609,-0.022449480199550287,0.01424948447368557
2025-09-01,0.01095025439651831,0.11377475280280702,0.015299681859888281,-0.0005411892972078114,0.03209033958868557,0.03237843956880759,0.015758871862682655
2025-10-01,0.03260561437849829,0.05299450492176816,0.018329384561698525,0.020203098693210464,0.04104774324123461,0.03085290667201157,0.02318059201931999
2025-11-01,0.0027409055854188402,0.04831895046639123,0.004178215390327367,-0.0007200449998412406,-0.003146162094650018,-0.002376861954796139,0.010153294582728511
2025-12-01,-0.009335867168478229,0.009893377423891847,-0.01887743598556002,-0.008675117798205068,-0.010800019746581624,-0.03786617796480196,0.023209802427308635
2026-01-01,0.07887859335976599,0.10865676026057014,-0.009131468412386767,-0.010509888114902277,0.0020162172922049137,-0.012876724353337865,0.03340528729378245
2026-02-01,0.03290049781016857,0.09299452388925733,0.01918211619677712,0.010675300110469355,-0.003359000354550279,0.05191344061165615,0.03600601530775216
2026-03-01,0.18382833942231702,-0.08703492414424396,0.005118036808645865,0.021605206754385486,-0.024289344787638334,-0.017023390674651417,-0.057320006374304344
2026-04-01,0.05494034744525367,-0.03312063477435645,-0.015221191538586476,-0.016116747263256515,0.08517318757891768,-0.026235143611050837,0.03812180898348805
2026-05-01,-0.04803187739971382,-0.011221826925281286,0.012941594407840373,0.00505058852530893,0.057132236756804344,0.009637690367657159,0.02583283259544178
2026-06-01,-0.0749050130653951,-0.09658208609557928,0.024103072037613416,0.023609000888344056,0.012419457563751513,0.03487535182511636,0.03140598212480494
2026-07-01,0.09486958281877134,-0.00035278539063865466,-0.031087509858868323,-0.007305412712722115,-0.008509794408895766,-0.0531964574213486,0.014093322656915541
2026-08-01,0.05385244027606939,0.08998925676796232,-0.004518070041251709,-0.006725615178278299,0.0181373698341305,-0.0011734557485502117,0.0032760184559030847
2026-09-01,0.052243275619833884,-0.049778888605154226,-0.01551534780221342,0.01346846253556877,0.015678979439849527,-0.03581838939356885,-0.03259310874096044
