,us_growth,us_inflation,ea_esi,ea_inflation
1997-01-01,6.946049233947327,3.0381383322559907,100.4,2.1
1997-02-01,6.661807501031536,3.0322580645161246,101.8,1.8
1997-03-01,7.470272474009643,2.7652733118971096,102.4,1.5
1997-04-01,6.536171976339267,2.434336963484962,102.2,1.3
1997-05-01,6.331688761977006,2.237851662404089,104.8,1.4
1997-06-01,6.012329789391524,2.233567326100827,105.3,1.4
1997-07-01,6.901473595485519,2.165605095541401,106.1,1.5
1997-08-01,7.421174007233544,2.2900763358778775,107.3,1.7
1997-09-01,7.7307713474798145,2.21940393151554,109.1,1.6
1997-10-01,8.653836077256006,2.0859671302149163,109.8,1.5
1997-11-01,8.512624010737335,1.8903591682419618,110.9,1.6
1997-12-01,8.280957988374027,1.6970458830924073,111.8,1.5
1998-01-01,8.58347433946034,1.6311166875784044,111.5,1.1
1998-02-01,7.476143150007708,1.440200375704448,112.3,1.1
1998-03-01,6.835942439493192,1.3767209011263937,113.7,1.1
1998-04-01,7.077008185695677,1.4383989993745905,111.0,1.4
1998-05-01,7.188999827918208,1.6885553470919357,111.2,1.3
1998-06-01,6.058575229559682,1.6229712858926382,112.9,1.3
1998-07-01,4.755871384932742,1.74563591022443,112.7,1.3
1998-08-01,5.865515150473688,1.6169154228855787,112.6,1.1
1998-09-01,4.848836473856544,1.4267990074441794,110.6,1.0
1998-10-01,4.637794383238925,1.4860681114551078,108.6,0.9
1998-11-01,3.741486019967022,1.4842300556586308,109.3,0.8
1998-12-01,3.7695732652959,1.606922126081578,109.1,0.8
1999-01-01,3.763083805136991,1.6666666666666607,105.2,0.8
1999-02-01,4.225398806274816,1.6666666666666607,105.7,0.7
1999-03-01,4.425125461604007,1.7283950617283939,105.2,0.9
1999-04-01,4.307254602909483,2.281134401972884,102.8,1.1
1999-05-01,4.27940147673862,2.091020910209096,104.0,0.9
1999-06-01,4.826418688874012,1.9656019656019597,105.3,0.9
1999-07-01,5.839978413843561,2.1446078431372584,105.3,1.0
1999-08-01,4.109544569149426,2.2643818849449104,107.0,1.1
1999-09-01,3.7444563415508503,2.629969418960254,109.4,1.2
1999-10-01,4.29950432876991,2.56253813300793,113.2,1.3
1999-11-01,4.884601547870515,2.6203534430225606,115.1,1.4
1999-12-01,5.216917187508963,2.676399026763998,115.5,1.7
2000-01-01,4.620955049951481,2.792956891317555,115.9,1.9
2000-02-01,4.313335681097841,3.2179720704310855,118.5,1.9
2000-03-01,4.447293166354416,3.762135922330101,119.5,2.0
2000-04-01,4.828026846244748,3.013863773357439,117.2,1.7
2000-05-01,4.451469064576807,3.1325301204819134,118.7,1.7
2000-06-01,4.574285752844154,3.7349397590361377,116.4,2.1
2000-07-01,3.7698485910728996,3.5992801439711952,117.0,2.1
2000-08-01,3.0734226950164922,3.3512866546977715,117.5,2.1
2000-09-01,3.968806853188922,3.45649582836709,115.1,2.4
2000-10-01,2.3142184859096693,3.4503271861986873,116.3,2.4
2000-11-01,1.8491278756576968,3.444180522565321,115.6,2.4
2000-12-01,0.7397718173229428,3.4360189573459543,114.8,2.5
2001-01-01,0.3976490637767949,3.7212049616065945,114.2,2.0
2001-02-01,-0.5668458865284554,3.529411764705892,110.7,2.0
2001-03-01,-1.122295725249156,2.9824561403508643,108.8,2.2
2001-04-01,-2.0602186217959284,3.2182562902282053,105.5,2.7
2001-05-01,-2.791181055600911,3.5630841121495394,103.1,3.1
2001-06-01,-3.3422163718917375,3.193960511033689,102.5,2.9
2001-07-01,-3.773511714911293,2.7214823393167498,102.0,2.5
2001-08-01,-3.6215277665228585,2.7214823393167498,100.1,2.3
2001-09-01,-4.55015745457048,2.5921658986175045,96.4,2.2
2001-10-01,-4.440502321905382,2.127659574468077,93.1,2.2
2001-11-01,-5.044913960783126,1.894374282433997,90.6,2.0
2001-12-01,-4.774776238202749,1.603665521191311,93.4,2.0
2002-01-01,-3.682618441383212,1.1958997722095743,96.0,2.6
2002-02-01,-3.0399744149724905,1.1363636363636465,96.7,2.5
2002-03-01,-2.1374903694403535,1.3628620102214661,98.6,2.5
2002-04-01,-1.3053329089064758,1.643990929705219,97.6,2.4
2002-05-01,-0.43328851038398897,1.2408347433727984,98.3,2.1
2002-06-01,0.920910919642548,1.0692177827799743,96.3,1.9
2002-07-01,1.5386975548359105,1.465614430665152,95.1,2.0
2002-08-01,1.5424836015125454,1.747463359639223,92.7,2.1
2002-09-01,2.146064440525741,1.516002245929271,94.4,2.1
2002-10-01,2.2135422551443185,2.0270270270270174,92.7,2.3
2002-11-01,3.4115039217915255,2.2535211267605604,92.6,2.3
2002-12-01,2.880394484854265,2.4802705749718212,91.4,2.3
2003-01-01,3.071140654513904,2.757456387169399,92.1,2.1
2003-02-01,3.1817124112425654,3.146067415730336,92.4,2.4
2003-03-01,2.1709435832793167,3.025210084033625,90.7,2.4
2003-04-01,1.0688138922369639,2.175125488008911,91.3,2.1
2003-05-01,0.636921435240767,1.8941504178273005,91.0,1.8
2003-06-01,-0.05887145406980876,1.948775055679297,92.0,2.0
2003-07-01,0.48700385655000566,2.055555555555544,92.5,1.9
2003-08-01,0.37923869625795525,2.216066481994461,94.7,2.0
2003-09-01,0.9407289987876988,2.378318584070782,95.4,2.1
2003-10-01,1.2759729528664998,2.041942604856528,97.1,2.0
2003-11-01,1.387033904173962,1.9283746556473913,99.1,2.2
2003-12-01,1.9841883950955763,2.0352035203520247,98.6,2.0
2004-01-01,1.2763588097255418,2.026286966046009,98.1,1.8
2004-02-01,1.7663898756903773,1.688453159041381,99.6,1.6
2004-03-01,1.626375894029275,1.7400761283306032,99.1,1.7
2004-04-01,2.615123170170186,2.2925764192139875,99.8,2.1
2004-05-01,3.38458309862264,2.8977583378895444,100.2,2.4
2004-06-01,2.447031362551799,3.1676679410158393,100.2,2.4
2004-07-01,2.6848554355043186,2.939575394665228,100.4,2.3
2004-08-01,2.9784524146032165,2.5474254742547275,99.8,2.4
2004-09-01,2.448803847620762,2.5391680172879516,100.8,2.1
2004-10-01,3.1957484615569243,3.1909140075716547,101.1,2.4
2004-11-01,2.763005391785356,3.621621621621607,99.8,2.3
2004-12-01,3.551152067738861,3.3423180592991875,99.7,2.3
2005-01-01,3.7656681883018184,2.8448738593666034,100.6,1.9
2005-02-01,3.8921878697906642,3.0530262453133394,99.4,2.1
2005-03-01,4.168552298887196,3.2068412613575736,98.4,2.2
2005-04-01,4.006456472613795,3.3617929562433257,98.3,2.1
2005-05-01,3.3534790649275337,2.869287991498415,97.1,2.0
2005-06-01,4.6347083589064475,2.541026998411855,97.4,2.0
2005-07-01,3.5298493345260917,3.067160232681121,98.7,2.1
2005-08-01,3.797594088074363,3.6469344608879517,99.9,2.2
2005-09-01,1.6574450087309733,4.741833508956805,100.6,2.6
2005-10-01,2.0209103457029087,4.350104821802936,102.5,2.4
2005-11-01,2.9120723180627417,3.3385498174230532,102.6,2.3
2005-12-01,2.6259073757150198,3.3385498174230532,103.9,2.2
2006-01-01,2.4194801632455576,4.018789144050117,105.7,2.4
2006-02-01,1.7242361205308532,3.63825363825363,105.7,2.4
2006-03-01,2.091541760329152,3.4179181771103018,106.7,2.2
2006-04-01,2.1816142662632876,3.613835828600931,108.5,2.4
2006-05-01,2.1156664964513183,3.9772727272727293,108.9,2.5
2006-06-01,1.9803386251444621,4.1817243159525175,109.1,2.5
2006-07-01,2.251836527383766,4.104669061056954,109.5,2.4
2006-08-01,2.3669704568583194,3.926568077511483,110.0,2.3
2006-09-01,4.2159275134967755,2.012072434607637,110.8,1.8
2006-10-01,2.8481025781383007,1.4063284781516971,111.5,1.6
2006-11-01,1.6621660136106442,1.9687026754164672,111.7,1.9
2006-12-01,2.1707334984272686,2.5239777889954462,113.0,1.9
2007-01-01,1.6646656462990128,2.075765178123423,111.2,1.8
2007-02-01,2.5793632616832207,2.420260782347028,111.7,1.9
2007-03-01,2.5308035115800154,2.798197295943927,112.2,1.9
2007-04-01,2.9076019270608766,2.5929247633283525,112.3,1.9
2007-05-01,2.9798485426711263,2.709885742672613,112.1,1.9
2007-06-01,2.7140344521729087,2.692765113974227,111.8,1.9
2007-07-01,2.6434417747193573,2.3178905864958077,111.2,1.8
2007-08-01,2.3917510021752353,1.897448478900876,110.2,1.7
2007-09-01,2.7901202497425004,2.8338264299802685,108.4,2.1
2007-10-01,2.6179282370540014,3.610698365527476,107.9,2.5
2007-11-01,3.2087670061424323,4.373267326732666,107.1,3.0
2007-12-01,2.2029778334589523,4.108813392417532,106.2,3.1
2008-01-01,2.4141930753466267,4.294695655165981,104.6,3.2
2008-02-01,1.0602796518591306,4.142959270611968,103.0,3.3
2008-03-01,0.5734255066876637,3.9749035501344343,102.2,3.6
2008-04-01,-0.7427676334748168,3.9037609759888126,99.8,3.3
2008-05-01,-1.4383086308347726,4.088413823123993,99.0,3.7
2008-06-01,-1.724935725071297,4.935966105947864,94.7,4.0
2008-07-01,-1.9585471027037116,5.497512078341837,91.5,4.1
2008-08-01,-3.6832804845724265,5.308017162091239,89.8,3.8
2008-09-01,-8.130031129578574,4.953319875136075,88.8,3.7
2008-10-01,-6.954317961916079,3.7310578899565128,82.3,3.2
2008-11-01,-8.669827230747885,1.0999174706166848,76.9,2.1
2008-12-01,-11.276192783181926,-0.02222800255385904,70.2,1.6
2009-01-01,-13.374567704176643,-0.11358601902212717,70.5,1.1
2009-02-01,-13.562730377303279,0.008463140671510772,68.1,1.2
2009-03-01,-14.656035046526473,-0.4464787676623838,67.2,0.6
2009-04-01,-14.81395936696125,-0.5763244243767063,69.7,0.6
2009-05-01,-15.160361194166793,-1.015761495855172,73.6,0.0
2009-06-01,-15.282480369076357,-1.2291746182109153,76.2,-0.1
2009-07-01,-14.018720654921957,-1.9587610037622771,79.2,-0.7
2009-08-01,-11.689299172061052,-1.4838355663267633,84.1,-0.2
2009-09-01,-6.805879122929537,-1.377942862886472,86.8,-0.3
2009-10-01,-7.474512230012276,-0.22396829420033848,89.1,-0.1
2009-11-01,-5.83001235670767,1.9145871744709275,90.3,0.5
2009-12-01,-2.704223119324234,2.8141231232083674,92.2,0.9
2010-01-01,0.87230439200634,2.6211113889767157,93.1,1.0
2010-02-01,1.8708182344855606,2.151336357866529,92.7,0.8
2010-03-01,4.200672107537207,2.2861714393279886,94.7,1.6
2010-04-01,5.4282103558062955,2.2067707525304403,98.5,1.6
2010-05-01,7.942609605426321,2.003548929218568,96.9,1.7
2010-06-01,8.551328146848402,1.1215605940686268,96.8,1.5
2010-07-01,7.747013804699288,1.3407784804821077,99.0,1.7
2010-08-01,6.968742858593813,1.1501775395112546,100.6,1.6
2010-09-01,6.346682104150392,1.1183122472331775,101.6,1.9
2010-10-01,5.760258506490601,1.1666951489314625,102.0,1.9
2010-11-01,5.39500875348351,1.084544776600338,102.7,1.9
2010-12-01,5.996200467756596,1.437793022217937,103.4,2.2
2011-01-01,4.632504538708293,1.7007834915029774,103.2,2.3
2011-02-01,3.827364378514675,2.124898173333145,103.7,2.4
2011-03-01,4.193025357503588,2.619241510354109,103.3,2.7
2011-04-01,3.505332834432129,3.0772344447868694,102.7,2.8
2011-05-01,2.248891889831528,3.4589718808964998,102.0,2.7
2011-06-01,2.3688810428642126,3.5023181506360412,101.6,2.7
2011-07-01,2.484132372991299,3.5798809769996165,99.9,2.5
2011-08-01,2.7992943499441703,3.75499603070808,97.0,2.5
2011-09-01,2.4123837996766095,3.812621692818685,94.5,3.0
2011-10-01,3.4162150732061747,3.5222681306640524,93.6,3.0
2011-11-01,3.3174195787687877,3.451432214581729,92.9,3.0
2011-12-01,2.859134467066693,3.062066838419386,91.3,2.8
2012-01-01,3.6910016324102957,3.0087663379855023,91.5,2.7
2012-02-01,4.439148449901298,2.8981784423473878,91.9,2.7
2012-03-01,2.8286925428470555,2.5828752813320977,92.5,2.7
2012-04-01,3.9040297563633697,2.2731633741348567,91.7,2.6
2012-05-01,4.0185114178595605,1.7379429374660749,89.9,2.4
2012-06-01,3.7105509068513065,1.653870448297634,89.7,2.4
2012-07-01,3.418677881567289,1.4175114798464783,87.8,2.4
2012-08-01,2.285596731143258,1.6859349154821235,87.1,2.6
2012-09-01,2.2951570495009843,1.9497168982819613,85.8,2.6
2012-10-01,1.9430024786973865,2.1556780595369363,84.9,2.5
2012-11-01,2.3257536633332743,1.7960197033926262,86.0,2.2
2012-12-01,2.0268355938483085,1.7595049796895523,86.4,2.2
2013-01-01,1.4467904237824847,1.684061762098299,88.1,2.0
2013-02-01,1.5945538776370727,2.0181404902574807,88.7,1.9
2013-03-01,2.534732272069462,1.5187472411246183,88.6,1.7
2013-04-01,1.7145631127746475,1.138808047576867,87.8,1.2
2013-05-01,1.5594777439077445,1.3903888279197085,88.4,1.4
2013-06-01,1.7645800035426706,1.7157935271568725,89.7,1.6
2013-07-01,1.2364196654177428,1.885471805415806,90.5,1.6
2013-08-01,2.2593571227008002,1.538809488600279,93.1,1.3
2013-09-01,2.854766330187619,1.0947341081747997,95.8,1.1
2013-10-01,2.4178437626957816,0.8767991434911471,95.7,0.7
2013-11-01,2.281966236973343,1.2328701961954458,96.9,0.9
2013-12-01,2.245344069429267,1.5128383667573297,97.7,0.8
2014-01-01,1.8566277042981971,1.557758795574915,98.6,0.8
2014-02-01,2.148610089064018,1.1204746347724948,99.0,0.7
2014-03-01,2.724108069090181,1.6126949139408042,100.1,0.5
2014-04-01,2.9123215934373725,2.015125303606169,99.6,0.7
2014-05-01,3.226027611336124,2.166947687079812,99.6,0.5
2014-06-01,3.365841732090935,2.0589816945944195,99.0,0.5
2014-07-01,3.9177888079901857,1.9742378703305974,98.8,0.4
2014-08-01,3.1253041765382905,1.7150983482969062,97.7,0.4
2014-09-01,2.89843352202952,1.6840509711232077,97.0,0.3
2014-10-01,2.9919466037849007,1.6095417021513292,97.5,0.4
2014-11-01,3.3861066751199598,1.231524989320798,97.9,0.3
2014-12-01,3.170492700276073,0.6531213919623191,98.1,-0.2
2015-01-01,2.7262407410550527,-0.22993097820542818,99.4,-0.6
2015-02-01,1.30473816054415,-0.08703146293520536,101.2,-0.3
2015-03-01,-0.0027479483621140055,-0.022031284423873476,103.4,-0.1
2015-04-01,-0.6444572558062966,-0.10403098939391064,103.4,0.2
2015-05-01,-1.460487812501221,0.03503321824429584,103.0,0.6
2015-06-01,-2.106390227283794,0.1795718097550525,103.1,0.5
2015-07-01,-1.6903126553953207,0.22568611104094582,103.1,0.6
2015-08-01,-1.6854337113987983,0.2413037985344868,103.4,0.4
2015-09-01,-2.2407414414912674,0.008842961634170088,104.5,0.2
2015-10-01,-2.72506606749946,0.12761656067050708,104.7,0.4
2015-11-01,-4.033068306068888,0.4363182169185187,105.1,0.1
2015-12-01,-4.496144811599123,0.6387247515364791,105.3,0.2
2016-01-01,-3.236256019749162,1.2375025026943876,104.9,0.3
2016-02-01,-3.1193297695960798,0.8472775790126619,104.1,-0.1
2016-03-01,-3.515311400177057,0.8916160965521946,103.7,0.0
2016-04-01,-2.6579036961380753,1.1726257503534843,104.3,-0.3
2016-05-01,-2.448153056399993,1.0784764621246223,104.1,-0.1
2016-06-01,-1.678117946525337,1.0792865347959424,104.2,0.1
2016-07-01,-2.196738284260069,0.8683633430518256,104.0,0.2
2016-08-01,-2.164263084601936,1.0553158595656864,103.5,0.2
2016-09-01,-1.9939516469206886,1.5486446201652182,104.5,0.4
2016-10-01,-1.5023811304759715,1.685924966243646,106.0,0.5
2016-11-01,-1.1862778785850958,1.6843334719788938,106.3,0.6
2016-12-01,-0.02049641716570516,2.0507989115119862,107.6,1.1
2017-01-01,-0.8031281419274894,2.5103933482571117,108.3,1.7
2017-02-01,-0.6864591168616152,2.8103616813294208,108.3,2.0
2017-03-01,0.7162067590550603,2.44119623655914,108.9,1.5
2017-04-01,1.3993011097695573,2.176223471915395,110.0,1.9
2017-05-01,1.7500792534729248,1.8563431667619756,109.9,1.4
2017-06-01,1.4803308546539107,1.640565809959127,111.1,1.3
2017-07-01,1.1187969195710634,1.7251073506566073,111.9,1.3
2017-08-01,0.8523014668689877,1.92812155729698,111.9,1.5
2017-09-01,1.0630336308315114,2.1805652303711787,113.1,1.6
2017-10-01,2.2919955326540453,2.020757753132485,114.3,1.4
2017-11-01,2.9662701539719283,2.172493864295566,114.6,1.5
2017-12-01,2.467143465957866,2.129930719552253,115.8,1.3
2018-01-01,2.7352874765469437,2.151318868063945,115.2,1.3
2018-02-01,3.3994953469032696,2.263468931091861,114.4,1.1
2018-03-01,3.224806264183644,2.3309497646499366,112.7,1.4
2018-04-01,3.309758614070435,2.4709963021052994,113.5,1.2
2018-05-01,2.2584201444366236,2.781921607842497,111.8,2.0
2018-06-01,2.8410387544831828,2.8075506935940187,112.1,2.0
2018-07-01,3.2543243815604805,2.854124785561929,111.2,2.2
2018-08-01,4.353587280888749,2.6429238568742575,111.0,2.1
2018-09-01,4.313826088176409,2.332055105808828,110.9,2.1
2018-10-01,2.930867401734427,2.492032470218053,110.6,2.3
2018-11-01,2.7666629800210174,2.147328577667773,110.6,1.9
2018-12-01,2.5912536810940523,2.0023809043401064,109.0,1.5
2019-01-01,1.9116422323518512,1.4875893578291333,107.5,1.4
2019-02-01,1.1096417703535089,1.5188615351321877,107.0,1.5
2019-03-01,0.6545559146318158,1.8831863513063984,106.3,1.4
2019-04-01,-1.0247462328067725,2.000583470209061,104.8,1.7
2019-05-01,-0.010156011968476264,1.7959105553606136,105.8,1.2
2019-06-01,-0.7369328862962377,1.671194894390049,103.6,1.3
2019-07-01,-1.3774541767684445,1.826331335037068,102.6,1.0
2019-08-01,-1.3396749291328724,1.7376412106666406,103.1,1.0
2019-09-01,-1.7374573008364869,1.6844977040391562,102.0,0.8
2019-10-01,-2.4594751580988228,1.7339736996186295,102.0,0.7
2019-11-01,-2.047601522464615,2.092290394862917,102.9,1.0
2019-12-01,-2.2991807373363926,2.3195274699624457,103.5,1.3
2020-01-01,-2.290379015513233,2.599767976845202,105.2,1.4
2020-02-01,-1.4232217750208775,2.3413166797595197,105.5,1.2
2020-03-01,-5.315054964389065,1.4940399642909163,93.6,0.7
2020-04-01,-17.318282261376304,0.3130472940411133,57.8,0.3
2020-05-01,-16.047738104539413,0.1982013035848551,62.9,0.1
2020-06-01,-10.586064673581452,0.7166562831830481,74.8,0.3
2020-07-01,-6.783544959427434,0.9968647625897997,83.1,0.4
2020-08-01,-6.512241935326724,1.2810698495523853,90.3,-0.2
2020-09-01,-6.183101854793705,1.3910228912373812,94.6,-0.3
2020-10-01,-4.622683457542831,1.2303863428671624,95.3,-0.3
2020-11-01,-4.763324870606622,1.1757452138405844,92.0,-0.3
2020-12-01,-3.28150457766595,1.3204191315779434,96.7,-0.3
2021-01-01,-2.1295843569181794,1.3738437137002402,96.1,0.9
2021-02-01,-5.680577271180343,1.6698167791706853,97.8,0.9
2021-03-01,1.0038210492383515,2.6678187820641908,103.2,1.3
2021-04-01,16.55213518144698,4.133077115360573,106.0,1.6
2021-05-01,15.673379835366053,4.918257089467626,111.0,2.0
2021-06-01,8.958396565691418,5.295632620349999,117.1,1.9
2021-07-01,5.4998863464161385,5.245169381309234,119.1,2.2
2021-08-01,4.261168528131454,5.152015301793966,118.4,3.0
2021-09-01,3.0124970172007215,5.351215590949132,119.1,3.4
2021-10-01,3.5628709708763973,6.235042390298062,119.8,4.1
2021-11-01,3.897545981936834,6.901970403700863,117.5,4.9
2021-12-01,2.2463731281071153,7.174340285065539,115.7,5.0
2022-01-01,1.3181341030033655,7.558805726967832,113.9,5.1
2022-02-01,5.429593086433182,7.937278766517819,115.2,5.9
2022-03-01,3.0544104015221674,8.572204966013853,106.5,7.4
2022-04-01,2.923435475508507,8.231750770777225,105.1,7.5
2022-05-01,1.9110298059100916,8.538171195642065,105.4,8.1
2022-06-01,1.2217594016755706,8.979361103105798,104.4,8.6
2022-07-01,0.968659945597028,8.462576727730099,99.6,8.9
2022-08-01,1.0521402147261716,8.222579178218826,98.6,9.1
2022-09-01,2.462018715752601,8.192106896425821,95.1,9.9
2022-10-01,1.0648183730078253,7.758813957693,94.1,10.6
2022-11-01,0.08902953837490735,7.122856456533988,95.4,10.1
2022-12-01,-0.8016099812473643,6.404600402357152,97.1,9.2
2023-01-01,0.3188082918103907,6.327178517960097,99.2,8.6
2023-02-01,-0.1634816837026265,5.957820738137087,98.7,8.5
2023-03-01,-0.36512224493961964,4.917719362889961,98.4,6.9
2023-04-01,-0.1843454258675048,4.950079879124369,99.1,6.9
2023-05-01,-0.39957171123073953,4.131851231385042,96.8,6.1
2023-06-01,-0.8893464531073647,3.070617072997095,96.0,5.5
2023-07-01,-0.31247838929887584,3.287749268428297,95.1,5.3
2023-08-01,-0.25421306219911566,3.722504803505289,94.1,5.2
2023-09-01,-0.2672476942852109,3.687206638119256,93.8,4.3
2023-10-01,-0.7742988102069082,3.2512659098611785,93.6,2.9
2023-11-01,-0.09043615385835313,3.1333462745911866,94.1,2.4
2023-12-01,0.8386591076755323,3.3159099427102934,96.6,2.9
2024-01-01,-1.2762549126908995,3.0883429864855705,95.6,2.8
2024-02-01,-0.3543266402759926,3.157074141648697,95.2,2.6
2024-03-01,-0.557312624665296,3.4868349120836584,96.2,2.4
2024-04-01,-0.9971062585799939,3.3607951262196734,96.3,2.4
2024-05-01,-0.06499644303002983,3.244278584003113,96.6,2.6
2024-06-01,0.7734749239909133,2.9702579486470926,96.4,2.5
2024-07-01,-0.9226344732312097,2.9414757935583014,96.2,2.6
2024-08-01,-0.4050008280501727,2.607144490692037,96.6,2.2
2024-09-01,-1.2004422838397089,2.4264830315416708,96.0,1.7
2024-10-01,-0.9947356843759692,2.578844053871343,96.2,2.0
2024-11-01,-1.5579409481489392,2.719472461284833,96.0,2.2
2024-12-01,-0.2741466217243804,2.870690967509981,93.7,2.4
2025-01-01,0.849002693950851,2.9909783078999608,95.2,2.5
2025-02-01,0.8119858403550007,2.8015834477613355,96.3,2.3
2025-03-01,0.5802453773984029,2.381981462805549,95.6,2.2
2025-04-01,0.8823523543694645,2.32538823025783,94.9,2.2
2025-05-01,0.10162299356553106,2.3772651073680873,95.9,1.9
2025-06-01,0.5793208714095943,2.680453865910226,94.7,2.0
2025-07-01,1.9187662602012212,2.742618052167134,96.0,2.0
2025-08-01,1.1886779865559305,2.9385917430316155,95.5,2.0
2025-09-01,1.8631698334008018,3.0225715847133294,95.9,2.2
2025-10-01,1.7593332629600056,2.8587179332828505,97.0,2.1
2025-11-01,1.7543117556713783,2.6964439164939513,97.1,2.1
2025-12-01,1.1629935222018384,2.653304114557753,96.8,2.0
2026-01-01,0.9734701648033584,2.391201432150014,99.1,1.7
2026-02-01,0.7972359848188892,2.4340041103732224,98.3,1.9
2026-03-01,0.6860622087798474,3.2859577528651984,96.8,2.6
2026-04-01,1.4342233943352989,3.7792458367415627,93.7,3.0
2026-05-01,1.658091130138506,4.166614684049641,94.3,3.2
2026-06-01,1.3436343659001704,3.463530729385411,95.6,2.8
2026-07-01,1.1299978408934708,3.303856050706311,97.1,2.9
2026-08-01,1.4204223973108832,3.353016322755642,98.4,3.2
2026-09-01,,,97.9,3.8
